운용사명,상품명,1개월누적수익률(퍼센트),3개월누적수익률(퍼센트),6개월누적수익률(퍼센트),12개월누적수익률(퍼센트),펀드등급,펀드유형,선취수수료(퍼센트),총보수(퍼센트)
iM에셋자산운용(구 하이),iM에셋월드광업주H(주식-재간접)A,-8.76,-16.17,-8.77,-11.86,1,재간접투자,1,1.56
iM에셋자산운용(구 하이),iM에셋월드광업주H(주식-재간접)C-W,-8.67,-15.95,-8.29,-10.95,1,재간접투자,0,0.58
iM에셋자산운용(구 하이),iM에셋월드광업주H(주식-재간접)C-p,-8.73,-16.08,-8.58,-11.49,1,재간접투자,0,1.16
iM에셋자산운용(구 하이),iM에셋월드광업주H(주식-재간접)C-pe,-8.7,-16.01,-8.43,-11.22,1,재간접투자,0,0.86
iM에셋자산운용(구 하이),iM에셋월드광업주H(주식-재간접)C1,-8.8,-16.28,-8.99,16.34,1,재간접투자,0,2.06
iM에셋자산운용(구 하이),iM에셋월드광업주H(주식-재간접)Ce,-8.77,-16.2,-8.82,-11.96,1,재간접투자,0,1.66
교보악사자산운용,교보악사Tomorrow장기우량K-1호(채권),-0.53,1.1,3.57,5.17,5,채권형,0,0.419
교보악사자산운용,교보악사Tomorrow장기우량K-1호(채권),-0.53,1.11,3.6,5.23,5,채권형,0,0.369
교보악사자산운용,교보악사Tomorrow장기우량K-1호(채권),-0.52,1.12,3.63,5.28,5,채권형,0.3,0.319
교보악사자산운용,교보악사Tomorrow장기우량K-1호(채권),-0.52,1.14,3.65,5.33,5,채권형,0,0.269
교보악사자산운용,교보악사Tomorrow장기우량K-1호(채권),-0.51,1.14,3.67,5.36,5,채권형,0,0.239
교보악사자산운용,교보악사Tomorrow장기우량K-1호(채권),-0.51,1.15,3.68,5.38,5,채권형,0.15,0.219
교보악사자산운용,교보악사Tomorrow장기우량K-1호(채권),-0.5,1.17,3.73,5.49,5,채권형,0.02,0.119
교보악사자산운용,교보악사투모로우장기우량증권C-W,-0.5,1.17,3.73,5.49,5,채권형,0,0.119
교보악사자산운용,교보파워인덱스(주식-파생형)A,-3.62,-9.52,-15.95,-9.52,2,파생상품,1,0.76
교보악사자산운용,교보파워인덱스(주식-파생형)A2,-3.56,-9.38,-15.67,-10.62,2,파생상품,0.03,0.159
교보악사자산운용,교보파워인덱스(주식-파생형)Ae,-3.58,-9.41,-15.74,-9.09,2,파생상품,0.5,0.3
교보악사자산운용,교보파워인덱스(주식-파생형)B,-3.56,-9.38,-15.67,-10.62,2,파생상품,0.03,0.159
교보악사자산운용,교보파워인덱스(주식-파생형)C,-3.65,-9.61,-16.12,-9.88,2,파생상품,0,1.16
교보악사자산운용,교보파워인덱스(주식-파생형)C-W,-3.56,-9.38,-15.68,-8.96,2,파생상품,0,0.159
교보악사자산운용,교보파워인덱스(주식-파생형)Ce,-3.61,-9.49,-15.9,-9.42,2,파생상품,0,0.66
교보악사자산운용,교보파워인덱스(주식파생)C-P2,-3.61,-9.49,-15.9,-9.42,2,파생상품,0,0.66
교보악사자산운용,교보파워인덱스(주식파생)C-P2e,-3.59,-9.43,-15.79,-9.19,2,파생상품,0,0.409
다올자산운용,다올VIP스타셀렉션청년형(주식)C,8.76,-2.26,-17.7,-16.26,2,주식형,0,1.617
다올자산운용,다올VIP스타셀렉션청년형(주식)Ce,8.8,-2.15,-17.5,-15.87,2,주식형,0,1.167
다올자산운용,다올공모주10증권투자신탁[채권혼합]A,-0.5,-0.02,0.8,3.04,5,채권혼합형,0.4,0.8
다올자산운용,다올공모주10증권투자신탁[채권혼합]Ae,-0.48,0.03,0.9,3.24,5,채권혼합형,0.2,0.6
다올자산운용,다올공모주10증권투자신탁[채권혼합]C,-0.53,-0.12,0.59,2.62,5,채권혼합형,0,1.2
다올자산운용,다올공모주10증권투자신탁[채권혼합]CW,-0.46,0.08,1,3.45,5,채권혼합형,0,0.4
다올자산운용,다올공모주10증권투자신탁[채권혼합]Ce,-0.5,-0.02,0.8,3.04,5,채권혼합형,0,0.8
다올자산운용,다올글로벌빅테크1등주증권(주식)A,8.45,12.44,11.76,45.67,2,주식형,1,1.44
다올자산운용,다올글로벌빅테크1등주증권(주식)Ae,8.48,12.53,11.96,46.16,2,주식형,0.5,1.09
다올자산운용,다올글로벌빅테크1등주증권(주식)C,8.39,12.29,11.42,44.82,2,주식형,0,2.04
다올자산운용,다올글로벌빅테크1등주증권(주식)C-P,8.43,12.39,11.65,45.38,2,주식형,0,1.64
다올자산운용,다올글로벌빅테크1등주증권(주식)C-Pe,8.47,12.51,11.9,46.02,2,주식형,0,1.19
다올자산운용,다올글로벌빅테크1등주증권(주식)Ce,8.47,12.5,11.87,45.95,2,주식형,0,1.24
다올자산운용,다올내일출금초단기채공모주(채권혼합)A,-0.16,0,0,0,5,채권혼합형,0.3,0.475
다올자산운용,다올내일출금초단기채공모주(채권혼합)Ae,-0.15,0,0,0,5,채권혼합형,0.15,0.325
다올자산운용,다올내일출금초단기채공모주(채권혼합)C,-0.17,0,0,0,5,채권혼합형,0,0.625
다올자산운용,다올내일출금초단기채공모주(채권혼합)C-P,0.87,0,0,0,5,채권혼합형,0,0.435
다올자산운용,다올내일출금초단기채공모주(채권혼합)C-Pe,-0.14,0,0,0,5,채권혼합형,0,0.305
다올자산운용,다올내일출금초단기채공모주(채권혼합)CW,0,0,0,0,5,채권혼합형,0,0.175
다올자산운용,다올내일출금초단기채공모주(채권혼합)Ce,-0.15,0,0,0,5,채권혼합형,0,0.395
다올자산운용,다올코스닥벤처증권투자신탁(주혼)A,-4.91,-14.94,-21.12,-15.7,2,주식혼합형,1,1.145
다올자산운용,다올코스닥벤처증권투자신탁(주혼)Ae,-4.89,-14.88,-21.01,-15.48,2,주식혼합형,0.5,0.895
다올자산운용,다올코스닥벤처증권투자신탁(주혼)Ag,0,0,0,0,2,주식혼합형,0.5,0.995
다올자산운용,다올코스닥벤처증권투자신탁(주혼)C,-4.94,-15.04,-21.29,-16.05,2,주식혼합형,0,1.545
다올자산운용,다올코스닥벤처증권투자신탁(주혼)Ce,-4.9,-14.93,-21.1,-15.65,2,주식혼합형,0,1.095
디비자산운용,DB바이오헬스케어증권형1호A,2.67,-4.95,8.57,18.6,2,주식형,1,1.287
디비자산운용,DB바이오헬스케어증권형1호AE,2.69,-4.88,8.72,18.92,2,주식형,0.5,1.017
디비자산운용,DB바이오헬스케어증권형1호C,2.59,-5.18,8.05,17.46,2,주식형,0,2.257
디비자산운용,DB바이오헬스케어증권형1호C-P,2.65,-5,8.45,18.34,2,주식형,0,1.507
디비자산운용,DB바이오헬스케어증권형1호C-PE,2.68,-4.91,8.66,18.79,2,주식형,0,1.507
디비자산운용,DB바이오헬스케어증권형1호CE,2.63,-5.06,8.32,18.05,2,주식형,0,1.757
디비자산운용,DB바이오헬스케어증권형C-W,2.71,-4.82,8.86,19.25,2,주식형,0,0.757
마이다스에셋자산운용,마이다스거북이90(주식)A,0.74,-0.37,-2.56,7.76,4,주식형,1,1.31
마이다스에셋자산운용,마이다스거북이90(주식)Ae,0.77,-0.28,-2.38,8.15,4,주식형,0.5,0.95
마이다스에셋자산운용,마이다스거북이90(주식)C-P1,0.73,-0.44,-2.65,7.63,4,주식형,0,1.43
마이다스에셋자산운용,마이다스거북이90(주식)C-Pe1,0.76,-0.3,-2.41,8.08,4,주식형,0,1.01
마이다스에셋자산운용,마이다스거북이90(주식)C-W,0.8,-0.2,-2.21,8.53,4,주식형,0,0.59
마이다스에셋자산운용,마이다스거북이90(주식)C1,0.67,-0.57,-2.95,6.92,4,주식형,0,2.09
마이다스에셋자산운용,마이다스거북이90(주식)Ce,0.76,-0.32,-2.45,8,4,주식형,0,1.08
마이다스에셋자산운용,마이다스단기국공채공모주[채혼]A,0.16,0.86,1.54,3.9,5,채권혼합형,0.6,0.685
마이다스에셋자산운용,마이다스단기국공채공모주[채혼]A-G,0,0,0,0,5,채권혼합형,0.42,0.58
마이다스에셋자산운용,마이다스단기국공채공모주[채혼]Ae,0.18,0.9,1.63,4.09,5,채권혼합형,0.3,0.505
마이다스에셋자산운용,마이다스단기국공채공모주[채혼]C,0.14,0.79,1.41,3.64,5,채권혼합형,0,0.935
마이다스에셋자산운용,마이다스단기국공채공모주[채혼]C-G,0.16,0.84,1.5,3.83,5,채권혼합형,0,0.755
마이다스에셋자산운용,마이다스단기국공채공모주[채혼]C-W,0,0,0,0,5,채권혼합형,0,0.335
마이다스에셋자산운용,마이다스단기국공채공모주[채혼]Ce,0.17,0.87,1.56,3.95,5,채권혼합형,0,0.635
마이다스에셋자산운용,마이다스아시아리더스성장주H(주식)A,5.64,4.92,2.54,31.69,2,주식형,1,1.77
마이다스에셋자산운용,마이다스아시아리더스성장주H(주식)Ae,5.67,5.02,2.76,32.22,2,주식형,0.5,1.37
마이다스에셋자산운용,마이다스아시아리더스성장주H(주식)C1,5.59,4.79,2.28,31.05,2,주식형,0,2.27
마이다스에셋자산운용,마이다스아시아리더스성장주H(주식)CP1,5.63,4.91,2.52,31.65,2,주식형,0,1.81
마이다스에셋자산운용,마이다스아시아리더스성장주H(주식)CPe1,5.68,5.05,2.81,32.35,2,주식형,0,1.27
마이다스에셋자산운용,마이다스아시아리더스성장주H(주식)Ce,5.66,5,2.7,32.08,2,주식형,0,1.47
마이다스에셋자산운용,마이다스아시아리더스성장주H(주식)W,5.71,5.13,2.98,32.75,2,주식형,0,0.97
마이다스에셋자산운용,마이다스아시아리더스성장주UH(주식)A,7.14,7.12,5.93,35.59,2,주식형,1,1.77
마이다스에셋자산운용,마이다스아시아리더스성장주UH(주식)Ae,7.18,7.23,6.15,36.14,2,주식형,0.5,1.37
마이다스에셋자산운용,마이다스아시아리더스성장주UH(주식)C1,7.1,6.99,5.67,34.94,2,주식형,0,2.27
마이다스에셋자산운용,마이다스아시아리더스성장주UH(주식)CP1,7.14,7.11,5.92,35.54,2,주식형,0,1.81
마이다스에셋자산운용,마이다스아시아리더스성장주UH(주식)CPe1,7.18,7.26,6.21,36.27,2,주식형,0,1.27
마이다스에셋자산운용,마이다스아시아리더스성장주UH(주식)Ce,7.17,7.2,6.1,36,2,주식형,0,1.47
마이다스에셋자산운용,마이다스아시아리더스성장주UH(주식)W,7.22,7.35,6.4,36.74,2,주식형,0,0.97
마이다스에셋자산운용,마이다스우량채권1호(채권)A,0.25,1.18,2.79,5.1,5,채권형,0.2,0.31
마이다스에셋자산운용,마이다스우량채권1호(채권)A2,0.26,1.22,2.87,5.27,5,채권형,0.4,0.16
마이다스에셋자산운용,마이다스우량채권1호(채권)Ae,0.26,1.21,2.84,5.21,5,채권형,0.1,0.21
마이다스에셋자산운용,마이다스우량채권1호(채권)C,0.24,1.16,2.74,5,5,채권형,0,0.41
마이다스에셋자산운용,마이다스우량채권1호(채권)C-P1,0.25,1.17,2.76,5.05,5,채권형,0,0.36
마이다스에셋자산운용,마이다스우량채권1호(채권)C-Pe1,0.26,1.2,2.83,5.18,5,채권형,0,0.235
마이다스에셋자산운용,마이다스우량채권1호(채권)C-W,0.27,1.23,2.89,5.32,5,채권형,0,0.11
마이다스에셋자산운용,마이다스우량채권1호(채권)Ce,0.25,1.2,2.81,5.16,5,채권형,0,0.26
마이다스에셋자산운용,마이다스책임투자증권투자신탁(주식)A,-2.08,-9.27,-15.9,-8.04,2,주식형,1,1.6
마이다스에셋자산운용,마이다스책임투자증권투자신탁(주식)Ae,-2.04,-9.17,-15.7,-7.62,2,주식형,0.5,1.15
마이다스에셋자산운용,마이다스책임투자증권투자신탁(주식)C-P,-2.07,-9.26,-15.87,-7.98,2,주식형,0,1.54
마이다스에셋자산운용,마이다스책임투자증권투자신탁(주식)C-Pe,-2.04,-9.16,-15.69,-7.59,2,주식형,0,1.12
마이다스에셋자산운용,마이다스책임투자증권투자신탁(주식)C1,-2.13,-9.41,-16.16,-8.6,2,주식형,0,2.2
마이다스에셋자산운용,마이다스책임투자증권투자신탁(주식)Ce,-2.08,-9.27,-15.9,-8.04,2,주식형,0,1.6
마이다스에셋자산운용,마이다스책임투자증권투자신탁(주식)Cw,-2,-9.06,-15.5,-7.19,2,주식형,0,0.7
마이다스에셋자산운용,마이다스하이일드공모주알파(채권혼합)A,0.3,0,0,0,5,채권혼합형,0.7,0.743
마이다스에셋자산운용,마이다스하이일드공모주알파(채권혼합)Ae,0.32,0,0,0,5,채권혼합형,0.35,0.543
마이다스에셋자산운용,마이다스하이일드공모주알파(채권혼합)C,0.26,0,0,0,5,채권혼합형,0,1.243
마이다스에셋자산운용,마이다스하이일드공모주알파(채권혼합)C-P1,0.29,0,0,0,5,채권혼합형,0,0.943
마이다스에셋자산운용,마이다스하이일드공모주알파(채권혼합)CPe1,0.31,0,0,0,5,채권혼합형,0,0.643
마이다스에셋자산운용,마이다스하이일드공모주알파(채권혼합)Ce,0.3,0,0,0,5,채권혼합형,0,0.793
미래에셋자산운용,미래에셋 차이나H 인덱스(주식) A,4.17,2.62,14.29,32.16,1,주식형,1,0.84
미래에셋자산운용,미래에셋 차이나H 인덱스(주식) A-e,4.19,2.68,14.43,32.46,1,주식형,0.5,0.61
미래에셋자산운용,미래에셋 차이나H 인덱스(주식) C,4.14,2.53,14.1,31.72,1,주식형,0,1.18
미래에셋자산운용,미래에셋 차이나H 인덱스(주식) C-P,4.15,2.56,14.15,31.85,1,주식형,0,1.08
미래에셋자산운용,미래에셋 차이나H 인덱스(주식) C-Pe,4.18,2.65,14.36,32.31,1,주식형,0,0.73
미래에셋자산운용,미래에셋 차이나H 인덱스(주식) C-e,4.18,2.64,14.33,32.24,1,주식형,0,0.78
미래에셋자산운용,미래에셋 차이나H 인덱스(주식) F,4.21,2.74,14.57,32.72,1,주식형,0,0.38
미래에셋자산운용,미래에셋골드특별자산(금-재간접형)A,-0.91,-2.91,11.66,21.8,3,특별자산투자,0.8,0.78
미래에셋자산운용,미래에셋골드특별자산(금-재간접형)A-e,-0.89,-2.85,11.79,22.09,3,특별자산투자,0.4,0.53
미래에셋자산운용,미래에셋골드특별자산(금-재간접형)C,-0.94,-3.01,11.44,21.32,3,특별자산투자,0,1.18
미래에셋자산운용,미래에셋골드특별자산(금-재간접형)C-e,-0.87,-2.82,11.88,22.27,3,특별자산투자,0,0.38
미래에셋자산운용,미래에셋골드특별자산(금-재간접형)C-w,-0.86,-2.79,11.93,22.39,3,특별자산투자,0,0.28
미래에셋자산운용,미래에셋그레이트컨슈머연금(주식)C,-0.31,4.99,5.46,19.74,2,주식형,0,1.73
미래에셋자산운용,미래에셋그레이트컨슈머연금(주식)Ce,-0.27,5.11,5.72,20.3,2,주식형,0,1.23
미래에셋자산운용,미래에셋글로벌그레이트컨슈머A,-0.3,5.01,5.51,19.85,2,주식형,1,1.59
미래에셋자산운용,미래에셋글로벌그레이트컨슈머Ae,-0.27,5.11,5.72,20.32,2,주식형,0.5,1.19
미래에셋자산운용,미래에셋글로벌그레이트컨슈머C1,-0.36,4.83,5.14,19.03,2,주식형,0,2.29
미래에셋자산운용,미래에셋글로벌그레이트컨슈머Ce,-0.28,5.09,5.67,20.2,2,주식형,0,1.29
미래에셋자산운용,미래에셋글로벌그레이트컨슈머F,-0.23,5.22,5.93,20.79,2,주식형,0,0.79
미래에셋자산운용,미래에셋글로벌솔루션A(주식-재간접형),3.47,8.08,8.5,27.69,4,재간접투자,1,1.05
미래에셋자산운용,미래에셋글로벌솔루션A-e(주식-재간접형),3.5,8.16,8.67,28.06,4,재간접투자,0.5,0.75
미래에셋자산운용,미래에셋글로벌솔루션C(주식-재간접형),3.44,7.99,8.33,27.29,4,재간접투자,0,1.37
미래에셋자산운용,미래에셋글로벌솔루션C-P(주식-재간접형),3.46,8.04,8.43,27.53,4,재간접투자,0,1.18
미래에셋자산운용,미래에셋글로벌솔루션C-Pe(주식-재간접형),3.49,8.14,8.63,27.99,4,재간접투자,0,0.81
미래에셋자산운용,미래에셋글로벌솔루션C-e(주식-재간접형),3.48,8.12,8.58,27.86,4,재간접투자,0,0.91
미래에셋자산운용,미래에셋글로벌코어테크EMP(주식-재간접)A,2.1,2.91,2.12,17,2,재간접투자,1,1.23
미래에셋자산운용,미래에셋글로벌코어테크EMP(주식-재간접)Ae,2.13,3,2.29,17.39,2,재간접투자,0.5,0.89
미래에셋자산운용,미래에셋글로벌코어테크EMP(주식-재간접)C1,2.04,2.76,1.8,16.29,2,재간접투자,0,1.85
미래에셋자산운용,미래에셋글로벌코어테크EMP(주식-재간접)CP,2.09,2.88,2.05,16.86,2,재간접투자,0,1.35
미래에셋자산운용,미래에셋글로벌코어테크EMP(주식-재간접)Ce,2.11,2.96,2.21,17.2,2,재간접투자,0,1.05
미래에셋자산운용,미래에셋글로벌코어테크EMP(주식-재간접)F,2.16,3.09,2.46,17.78,2,재간접투자,0,0.55
미래에셋자산운용,미래에셋글로벌코어테크EMP(주식재간접)CPe,2.12,2.98,2.26,17.32,2,재간접투자,0,0.95
미래에셋자산운용,미래에셋단기채알파(채권혼합) F,0.3,1.18,2.94,6.95,5,채권혼합형,0,0.24
미래에셋자산운용,미래에셋단기채알파(채권혼합)A,0.27,1.1,2.79,6.63,5,채권혼합형,0.2,0.54
미래에셋자산운용,미래에셋단기채알파(채권혼합)A-e,0.29,1.14,2.86,6.79,5,채권혼합형,0.1,0.39
미래에셋자산운용,미래에셋단기채알파(채권혼합)C,0.26,1.08,2.74,6.52,5,채권혼합형,0,0.64
미래에셋자산운용,미래에셋단기채알파(채권혼합)C-P,0.27,1.1,2.78,6.61,5,채권혼합형,0,0.56
미래에셋자산운용,미래에셋단기채알파(채권혼합)C-Pe,0.28,1.14,2.86,6.78,5,채권혼합형,0,0.4
미래에셋자산운용,미래에셋단기채알파(채권혼합)C-e,0.28,1.13,2.84,6.74,5,채권혼합형,0,0.44
미래에셋자산운용,미래에셋달러단기자금(USD)(채권)A,0.28,0.47,2.4,4.59,5,채권형,0.2,0.35
미래에셋자산운용,미래에셋달러단기자금(USD)(채권)A-e,0.31,0.56,2.48,4.63,5,채권형,0.1,0.25
미래에셋자산운용,미래에셋달러단기자금(USD)(채권)C,0.27,0.46,2.29,4.25,5,채권형,0,0.45
미래에셋자산운용,미래에셋달러단기자금(USD)(채권)C-e,0.29,0.5,2.37,4.46,5,채권형,0,0.3
미래에셋자산운용,미래에셋로저스Commodity(일반파생)A,1.35,0.14,-3.8,1.24,2,특별자산투자,0.8,1.35
미래에셋자산운용,미래에셋로저스Commodity(일반파생)Ae,1.39,0.24,-3.61,1.64,2,특별자산투자,0.4,0.97
미래에셋자산운용,미래에셋로저스Commodity(일반파생)C,1.32,0.05,-3.97,0.89,2,특별자산투자,0,1.69
미래에셋자산운용,미래에셋로저스Commodity(일반파생)C-W,1.42,0.34,-3.41,2.03,2,특별자산투자,0,0.59
미래에셋자산운용,미래에셋로저스농산물지수특별자산 A,-0.15,-1.03,0.67,0.17,3,특별자산투자,0.8,1.35
미래에셋자산운용,미래에셋로저스농산물지수특별자산 Ae,-0.12,-0.93,0.87,0.56,3,특별자산투자,0.4,0.97
미래에셋자산운용,미래에셋로저스농산물지수특별자산C,-0.18,-1.11,0.49,-0.17,3,특별자산투자,0,1.69
미래에셋자산운용,미래에셋미국배당커버드콜A(주식)(H),-1.13,2.51,4.93,20.98,3,주식형,1,1.36
미래에셋자산운용,미래에셋미국배당커버드콜A-e(주식)(H),-1.1,2.6,5.12,21.4,3,주식형,0.5,1.01
미래에셋자산운용,미래에셋미국배당커버드콜C-P(주식)(H),-1.13,2.51,4.93,20.98,3,주식형,0,1.36
미래에셋자산운용,미래에셋미국배당커버드콜C-Pe(주식)(H),-1.1,2.6,5.12,21.4,3,주식형,0,1.01
미래에셋자산운용,미래에셋미국배당커버드콜C-e(주식)(H),-1.11,2.56,5.04,21.23,3,주식형,0,1.15
미래에셋자산운용,미래에셋미국배당커버드콜C1(주식)(H),-1.17,2.38,4.66,20.38,3,주식형,0,1.86
미래에셋자산운용,미래에셋배당커버드콜(주식혼합)A,-2.84,-8.06,-14.96,-4.36,3,주식혼합형,1,0.96
미래에셋자산운용,미래에셋배당커버드콜(주식혼합)A-G,-2.83,-8.03,-14.9,-4.22,3,주식혼합형,0.7,0.82
미래에셋자산운용,미래에셋배당커버드콜(주식혼합)Ae,-2.82,-8.01,-14.85,-6.05,3,주식혼합형,0.5,0.73
미래에셋자산운용,미래에셋배당커버드콜(주식혼합)C,-2.89,-8.19,-15.2,-4.86,3,주식혼합형,0,1.48
미래에셋자산운용,미래에셋배당커버드콜(주식혼합)C-F,-2.8,-7.95,-14.75,-3.91,3,주식혼합형,0,0.5
미래에셋자산운용,미래에셋배당커버드콜(주식혼합)C-G,-2.86,-8.12,-15.06,-4.57,3,주식혼합형,0,1.18
미래에셋자산운용,미래에셋배당커버드콜(주식혼합)Ce,-2.84,-8.07,-14.97,-4.39,3,주식혼합형,0,0.99
미래에셋자산운용,미래에셋배당커버드콜연금저축(주식혼합)C,-2.86,-8.15,-15.1,-4.75,3,주식혼합형,0,1.38
미래에셋자산운용,미래에셋배당커버드콜연금저축(주식혼합)Ce,-2.82,-8.04,-14.9,-4.31,3,주식혼합형,0,0.93
미래에셋자산운용,미래에셋밸런스알파플러스(채권혼합) F,-1.24,-2.22,-1.61,4.7,5,채권혼합형,0,0.44
미래에셋자산운용,미래에셋밸런스알파플러스(채권혼합)A,-1.28,-2.34,-1.84,4.22,5,채권혼합형,0.7,0.9
미래에셋자산운용,미래에셋밸런스알파플러스(채권혼합)A-e,-1.26,-2.28,-1.73,4.46,5,채권혼합형,0.35,0.67
미래에셋자산운용,미래에셋밸런스알파플러스(채권혼합)C,-1.3,-2.4,-1.97,3.95,5,채권혼합형,0,1.16
미래에셋자산운용,미래에셋밸런스알파플러스(채권혼합)C-P,-1.29,-2.37,-1.9,4.09,5,채권혼합형,0,1.02
미래에셋자산운용,미래에셋밸런스알파플러스(채권혼합)C-Pe,-1.26,-2.3,-1.76,4.4,5,채권혼합형,0,0.73
미래에셋자산운용,미래에셋밸런스알파플러스(채권혼합)C-e,-1.27,-2.31,-1.79,4.32,5,채권혼합형,0,0.8
미래에셋자산운용,미래에셋브라질1호A(주식),-5.76,-10.56,-8.1,-19.77,1,주식형,1,1.85
미래에셋자산운용,미래에셋브라질1호Ae(주식),-5.72,-10.45,-7.89,-19.41,1,주식형,0.5,1.42
미래에셋자산운용,미래에셋브라질1호Ce(주식),-5.78,-10.62,-8.21,-19.97,1,주식형,0,2.09
미래에셋자산운용,미래에셋인도중소형포커스(주식)A,4.35,2.13,3.8,0,2,주식형,1,1.7
미래에셋자산운용,미래에셋인도중소형포커스(주식)A-e,4.38,2.21,3.99,0,2,주식형,0.5,1.34
미래에셋자산운용,미래에셋인도중소형포커스(주식)C-P,4.35,2.13,3.8,0,2,주식형,0,1.7
미래에셋자산운용,미래에셋인도중소형포커스(주식)C-Pe,4.38,2.21,3.99,0,2,주식형,0,1.34
미래에셋자산운용,미래에셋인도중소형포커스(주식)C-e,4.37,2.18,3.91,0,2,주식형,0,1.48
미래에셋자산운용,미래에셋인도중소형포커스(주식)C1,4.31,1.98,3.5,0,2,주식형,0,2.28
미래에셋자산운용,미래에셋인도중소형포커스(주식)F,4.41,2.3,4.17,0,2,주식형,0,0.98
미래에셋자산운용,미래에셋인디아솔로몬1호(주식)A,2.68,2.49,4.27,29.64,2,주식형,1,1.85
미래에셋자산운용,미래에셋인디아솔로몬1호(주식)A-G,2.7,2.55,4.39,29.94,2,주식형,0.7,1.62
미래에셋자산운용,미래에셋인디아솔로몬1호(주식)Ae,2.71,2.59,4.48,30.14,2,주식형,0.5,1.45
미래에셋자산운용,미래에셋인디아솔로몬1호(주식)I,2.75,2.71,4.7,30.63,2,주식형,0.005,1.105
미래에셋자산운용,미래에셋전략배분TDF2025혼합자산A,0.59,1.91,2.52,10.68,4,재간접투자,0.6,0.69
미래에셋자산운용,미래에셋전략배분TDF2025혼합자산Ae,0.61,1.95,2.61,10.88,4,재간접투자,0.3,0.51
미래에셋자산운용,미래에셋전략배분TDF2025혼합자산C,0.58,1.87,2.44,10.52,4,재간접투자,0,0.84
미래에셋자산운용,미래에셋전략배분TDF2025혼합자산C-P,0.58,1.87,2.45,10.54,4,재간접투자,0,0.82
미래에셋자산운용,미래에셋전략배분TDF2025혼합자산C-Pe,0.6,1.93,2.57,10.81,4,재간접투자,0,0.58
미래에셋자산운용,미래에셋전략배분TDF2025혼합자산Ce,0.6,1.93,2.57,10.79,4,재간접투자,0,0.59
미래에셋자산운용,미래에셋전략배분TDF2025혼합자산F,0.62,1.99,2.7,11.07,4,재간접투자,0,0.34
미래에셋자산운용,미래에셋전략배분TDF2030혼합자산A,0.89,2.57,3.13,12.98,4,재간접투자,0.6,0.75
미래에셋자산운용,미래에셋전략배분TDF2030혼합자산Ae,0.9,2.62,3.23,13.2,4,재간접투자,0.3,0.55
미래에셋자산운용,미래에셋전략배분TDF2030혼합자산C,0.87,2.53,3.05,12.8,4,재간접투자,0,0.91
미래에셋자산운용,미래에셋전략배분TDF2030혼합자산C-P,0.88,2.55,3.07,12.86,4,재간접투자,0,0.86
미래에셋자산운용,미래에셋전략배분TDF2030혼합자산C-Pe,0.9,2.61,3.2,13.14,4,재간접투자,0,0.61
미래에셋자산운용,미래에셋전략배분TDF2030혼합자산Ce,0.9,2.6,3.19,13.11,4,재간접투자,0,0.63
미래에셋자산운용,미래에셋전략배분TDF2030혼합자산F,0.92,2.67,3.33,13.42,4,재간접투자,0,0.36
미래에셋자산운용,미래에셋전략배분TDF2035혼합자산A,1.28,3.39,3.65,15.89,3,재간접투자,0.6,0.85
미래에셋자산운용,미래에셋전략배분TDF2035혼합자산Ae,1.3,3.44,3.77,16.16,3,재간접투자,0.3,0.62
미래에셋자산운용,미래에셋전략배분TDF2035혼합자산C,1.26,3.34,3.55,15.68,3,재간접투자,0,1.04
미래에셋자산운용,미래에셋전략배분TDF2035혼합자산C-P,1.28,3.38,3.63,15.85,3,재간접투자,0,0.89
미래에셋자산운용,미래에셋전략배분TDF2035혼합자산C-Pe,1.3,3.44,3.76,16.14,3,재간접투자,0,0.64
미래에셋자산운용,미래에셋전략배분TDF2035혼합자산Ce,1.29,3.42,3.72,16.06,3,재간접투자,0,0.71
미래에셋자산운용,미래에셋전략배분TDF2035혼합자산F,1.32,3.5,3.89,16.42,3,재간접투자,0,0.39
미래에셋자산운용,미래에셋전략배분TDF2040혼합자산A,1.65,4,4.28,17.55,3,재간접투자,0.6,0.94
미래에셋자산운용,미래에셋전략배분TDF2040혼합자산Ae,1.67,4.06,4.43,17.86,3,재간접투자,0.3,0.67
미래에셋자산운용,미래에셋전략배분TDF2040혼합자산C,1.63,3.94,4.17,17.3,3,재간접투자,0,1.16
미래에셋자산운용,미래에셋전략배분TDF2040혼합자산C-P,1.64,3.98,4.25,17.47,3,재간접투자,0,1.01
미래에셋자산운용,미래에셋전략배분TDF2040혼합자산C-Pe,1.67,4.05,4.41,17.82,3,재간접투자,0,0.71
미래에셋자산운용,미래에셋전략배분TDF2040혼합자산Ce,1.66,4.04,4.37,17.74,3,재간접투자,0,0.78
미래에셋자산운용,미래에셋전략배분TDF2040혼합자산F,1.69,4.13,4.56,18.17,3,재간접투자,0,0.41
미래에셋자산운용,미래에셋전략배분TDF2045혼합자산A,1.77,4.22,4.44,18,3,재간접투자,0.6,1.03
미래에셋자산운용,미래에셋전략배분TDF2045혼합자산Ae,1.79,4.29,4.59,18.35,3,재간접투자,0.3,0.73
미래에셋자산운용,미래에셋전략배분TDF2045혼합자산C,1.75,4.15,4.3,17.71,3,재간접투자,0,1.28
미래에셋자산운용,미래에셋전략배분TDF2045혼합자산C-P,1.76,4.19,4.38,17.88,3,재간접투자,0,1.13
미래에셋자산운용,미래에셋전략배분TDF2045혼합자산C-Pe,1.79,4.28,4.57,18.29,3,재간접투자,0,0.78
미래에셋자산운용,미래에셋전략배분TDF2045혼합자산Ce,1.78,4.26,4.53,18.21,3,재간접투자,0,0.85
미래에셋자산운용,미래에셋전략배분TDF2045혼합자산F,1.82,4.37,4.75,18.7,3,재간접투자,0,0.43
미래에셋자산운용,미래에셋코어테크A,4.85,-13.95,-35.65,-26.93,1,주식형,1,1.435
미래에셋자산운용,미래에셋코어테크A-e,4.88,-13.87,-35.53,-26.67,1,주식형,0.5,1.095
미래에셋자산운용,미래에셋코어테크AG,4.87,-13.9,-35.58,-26.76,1,주식형,0.7,1.225
미래에셋자산운용,미래에셋코어테크C,4.82,-14.02,-35.76,-27.17,1,주식형,0,1.755
미래에셋자산운용,미래에셋코어테크C-P,4.84,-13.98,-35.69,-27.01,1,주식형,0,1.555
미래에셋자산운용,미래에셋코어테크C-Pe,4.87,-13.89,-35.55,-26.71,1,주식형,0,1.155
미래에셋자산운용,미래에셋코어테크C-e,4.87,-13.91,-35.59,-26.79,1,주식형,0,1.255
미래에셋자산운용,미래에셋코어테크CG,4.85,-13.96,-35.66,-26.94,1,주식형,0,1.455
미래에셋자산운용,미래에셋코어테크F,4.91,-13.8,-35.41,-26.41,1,주식형,0,0.755
미래에셋자산운용,미래에셋헤지(사모투자재간접)A,0.55,1.26,-0.24,8.13,5,재간접투자,1,0.95
미래에셋자산운용,미래에셋헤지(사모투자재간접)A-e,0.58,1.32,-0.11,8.4,5,재간접투자,0.5,0.7
미래에셋자산운용,미래에셋헤지(사모투자재간접)C,0.53,1.17,-0.42,7.76,5,재간접투자,0,1.3
미래에셋자산운용,미래에셋헤지(사모투자재간접)C-e,0.56,1.27,-0.22,8.17,5,재간접투자,0,0.92
미래에셋자산운용,미래우리아이3억만들기(주식)C1,-0.87,-1.54,-6.51,8.45,3,주식형,0,2.07
베어링자산운용(펀드),베어링고배당(주식)A,-4.69,-9.27,-12.57,-3.83,2,주식형,1,1.434
베어링자산운용(펀드),베어링고배당(주식)Ae,-4.66,-9.19,-12.41,-3.49,2,주식형,0.5,1.084
베어링자산운용(펀드),베어링고배당(주식)C-P,-4.7,-9.32,-12.66,-5.97,2,주식형,0,1.634
베어링자산운용(펀드),베어링고배당(주식)C-Pe,-4.66,-9.21,-12.46,-3.59,2,주식형,0,1.234
베어링자산운용(펀드),베어링고배당(주식)C-W,-4.63,-9.1,-12.26,-5.92,2,주식형,0,0.734
베어링자산운용(펀드),베어링고배당(주식)C1,-4.74,-9.41,-12.84,-4.41,2,주식형,0,2.034
베어링자산운용(펀드),베어링고배당(주식)Ce,-4.67,-9.22,-12.48,-3.64,2,주식형,0,1.234
비엔케이자산운용,BNK법인MMF1호(국공채)C,0.28,0.84,1.76,3.61,6,MMF(법인),0,0.1
비엔케이자산운용,BNK삼성전자중소형(주식)A,3.23,-1.97,-13.79,0,2,주식형,1,1.25
비엔케이자산운용,BNK삼성전자중소형(주식)A-e,3.28,-1.86,-13.58,0,2,주식형,0.5,0.79
비엔케이자산운용,BNK삼성전자중소형(주식)C,3.21,-2.05,-13.93,0,2,주식형,0,1.55
비엔케이자산운용,BNK삼성전자중소형(주식)C-P,3.24,-1.97,-13.79,0,2,주식형,0,1.25
비엔케이자산운용,BNK삼성전자중소형(주식)C-Pe,3.28,-1.86,-13.59,0,2,주식형,0,0.8
비엔케이자산운용,BNK삼성전자중소형(주식)C-e,3.26,-1.9,-13.66,0,2,주식형,0,0.95
비엔케이자산운용,BNK스팩&공모주30 1호(채권혼합)A,0.66,0.4,0.87,1.13,5,채권혼합형,0.8,0.9
비엔케이자산운용,BNK스팩&공모주30 1호(채권혼합)A-e,0.68,0.45,0.97,1.33,5,채권혼합형,0.4,0.7
비엔케이자산운용,BNK스팩&공모주30 1호(채권혼합)C,0.61,0.25,0.56,0.52,5,채권혼합형,0,1.5
비엔케이자산운용,BNK스팩&공모주30 1호(채권혼합)C-e,0.65,0.37,0.82,1.03,5,채권혼합형,0,1
삼성액티브자산운용,삼성배당주장기증권1호(주식)A,-3.15,-9.22,-14.19,-7.48,2,주식형,1,1.68
삼성액티브자산운용,삼성배당주장기증권1호(주식)C1,-3.2,-9.36,-14.46,-8.04,2,주식형,0,2.28
삼성액티브자산운용,삼성배당주장기증권1호(주식)Ce,-3.15,-9.22,-14.19,-7.47,2,주식형,0,1.68
삼성자산운용,삼성 일본 인덱스H(주식) A,5.88,4.55,2.09,20.98,2,주식형,1,0.85
삼성자산운용,삼성 일본 인덱스H(주식) A-e,5.9,4.61,2.22,21.29,2,주식형,0.5,0.595
삼성자산운용,삼성 일본 인덱스H(주식) C-Pe,5.89,4.56,2.12,21.05,2,주식형,0,0.79
삼성자산운용,삼성 일본 인덱스H(주식) C-e,5.88,4.55,2.09,20.99,2,주식형,0,0.84
삼성자산운용,삼성 일본 인덱스H(주식) C1,5.82,4.35,1.67,20.05,2,주식형,0,1.64
삼성자산운용,삼성 일본 인덱스H(주식) Cw,5.93,4.68,2.36,21.6,2,주식형,0,0.34
삼성자산운용,삼성MMF법인,0.3,0.87,1.8,0,6,MMF(법인),0,0.09
삼성자산운용,삼성WTI원유특별자산A,2.95,6.46,-6.91,4.69,1,특별자산투자,1,0.86
삼성자산운용,삼성WTI원유특별자산C-W,2.99,6.57,-6.71,5.14,1,특별자산투자,0,0.44
삼성자산운용,삼성WTI원유특별자산C1,2.92,6.35,-7.11,4.26,1,특별자산투자,0,1.27
삼성자산운용,삼성WTI원유특별자산Ce,2.92,6.37,-7.07,4.35,1,특별자산투자,0,1.19
삼성자산운용,삼성글로벌메타버스H(주식) A,6,12.29,15.12,37.13,2,주식형,1,1.49
삼성자산운용,삼성글로벌메타버스H(주식) Ae,6.03,12.37,15.29,37.53,2,주식형,0.5,1.18
삼성자산운용,삼성글로벌메타버스H(주식) C,5.97,12.19,14.89,36.61,2,주식형,0,1.89
삼성자산운용,삼성글로벌메타버스H(주식) C-P,5.99,12.24,15.01,36.87,2,주식형,0,1.69
삼성자산운용,삼성글로벌메타버스H(주식) C-Pe,6.02,12.34,15.22,37.38,2,주식형,0,1.29
삼성자산운용,삼성글로벌메타버스H(주식) Ce,6.01,12.32,15.17,37.26,2,주식형,0,1.39
삼성자산운용,삼성글로벌메타버스UH(주식) A,10.99,23.67,22.39,56.76,2,주식형,1,1.49
삼성자산운용,삼성글로벌메타버스UH(주식) Ae,11.01,23.76,22.57,57.21,2,주식형,0.5,1.18
삼성자산운용,삼성글로벌메타버스UH(주식) C,10.96,23.56,22.16,56.17,2,주식형,0,1.89
삼성자산운용,삼성글로벌메타버스UH(주식) C-P,10.96,23.6,22.25,56.44,2,주식형,0,1.69
삼성자산운용,삼성글로벌메타버스UH(주식) C-Pe,11,23.73,22.5,57.04,2,주식형,0,1.29
삼성자산운용,삼성글로벌메타버스UH(주식) Ce,10.99,23.7,22.45,56.9,2,주식형,0,1.39
삼성자산운용,삼성글로벌메타버스UH(주식) Cw,0,0,0,0,2,주식형,0,0.89
삼성자산운용,삼성글로벌배당귀족ESG(H)A,-4.15,-2.77,6.12,8.58,3,주식형,1,1.09
삼성자산운용,삼성글로벌배당귀족ESG(H)Ae,-4.13,-2.69,6.29,8.92,3,주식형,0.5,0.78
삼성자산운용,삼성글로벌배당귀족ESG(H)C,-4.19,-2.87,5.91,8.14,3,주식형,0,1.49
삼성자산운용,삼성글로벌배당귀족ESG(H)C-Pe,-4.14,-2.72,6.23,8.8,3,주식형,0,0.89
삼성자산운용,삼성글로벌배당귀족ESG(H)Ce,-4.14,-2.75,6.18,8.69,3,주식형,0,0.99
삼성자산운용,삼성글로벌배당귀족ESG(H)Cw,-4.1,-2.62,6.45,9.25,3,주식형,0,0.49
삼성자산운용,삼성글로벌배당귀족ESG(UH)A,-0.06,5.54,12.99,21.65,3,주식형,1,1.09
삼성자산운용,삼성글로벌배당귀족ESG(UH)Ae,-0.03,5.62,13.16,22.02,3,주식형,0.5,0.78
삼성자산운용,삼성글로벌배당귀족ESG(UH)C,-0.1,5.43,12.76,16.58,3,주식형,0,1.49
삼성자산운용,삼성글로벌배당귀족ESG(UH)C-P,-0.08,5.49,12.87,15.42,3,주식형,0,1.29
삼성자산운용,삼성글로벌배당귀족ESG(UH)C-Pe,-0.04,5.59,13.1,21.89,3,주식형,0,0.89
삼성자산운용,삼성글로벌배당귀족ESG(UH)Ce,-0.05,5.57,13.04,21.77,3,주식형,0,0.99
삼성자산운용,삼성글로벌선진국H(주식)A,-0.16,2.24,6.06,15.78,3,주식형,1,1.12
삼성자산운용,삼성글로벌선진국H(주식)Ae,-0.13,2.34,6.25,16.19,3,주식형,0.5,0.76
삼성자산운용,삼성글로벌선진국H(주식)Ag,-0.06,0.63,4.7,14.99,3,주식형,0.65,0.88
삼성자산운용,삼성글로벌선진국H(주식)C-P,-0.14,1.35,5.19,14.96,3,주식형,0,0.9
삼성자산운용,삼성글로벌선진국H(주식)C-Pe,-0.12,2.36,6.31,16.32,3,주식형,0,0.65
삼성자산운용,삼성글로벌선진국H(주식)C1,-0.21,2.09,5.75,15.11,3,주식형,0,1.7
삼성자산운용,삼성글로벌선진국H(주식)Ce,-0.14,2.3,6.17,16.03,3,주식형,0,0.9
삼성자산운용,삼성글로벌선진국H(주식)Cg,-0.15,1.47,5.27,14.95,3,주식형,0,1.07
삼성자산운용,삼성글로벌선진국H(주식)Cw,-0.1,2.43,6.44,16.61,3,주식형,0,0.4
삼성자산운용,삼성달러표시MMF법인제1호(USD)C,0.36,1.11,2.4,5,6,MMF(법인),0,0.3
삼성자산운용,삼성달러표시MMF법인제1호(USD)Ce,0.37,1.13,2.45,5.1,6,MMF(법인),0,0.2
삼성자산운용,삼성달러표시단기채권UH[채권]A,5.58,11.69,8.88,19.32,4,채권형,0.3,0.25
삼성자산운용,삼성달러표시단기채권UH[채권]Ae,5.59,11.7,8.9,19.35,4,채권형,0.15,0.22
삼성자산운용,삼성달러표시단기채권UH[채권]C,5.57,11.66,8.81,19.16,4,채권형,0,0.39
삼성자산운용,삼성달러표시단기채권UH[채권]C-P,5.58,11.67,8.83,19.2,4,채권형,0,0.35
삼성자산운용,삼성달러표시단기채권UH[채권]C-Pe,5.58,11.69,8.87,19.29,4,채권형,0,0.27
삼성자산운용,삼성달러표시단기채권UH[채권]Ce,5.58,11.68,8.86,19.27,4,채권형,0,0.29
삼성자산운용,삼성달러표시단기채권UH[채권]Cw,5.59,11.71,8.92,19.39,4,채권형,0,0.19
삼성자산운용,삼성미국S&P500인덱스H(주식)A,-0.49,3.58,7.47,21.47,2,주식형,1,0.85
삼성자산운용,삼성미국S&P500인덱스H(주식)Ae,-0.47,3.65,7.6,21.78,2,주식형,0.5,0.595
삼성자산운용,삼성미국S&P500인덱스H(주식)C-P,-0.53,3.48,7.26,21.01,2,주식형,0,1.24
삼성자산운용,삼성미국S&P500인덱스H(주식)C-Pe,-0.49,3.6,7.5,21.54,2,주식형,0,0.79
삼성자산운용,삼성미국S&P500인덱스H(주식)C1,-0.56,3.38,7.04,20.53,2,주식형,0,1.64
삼성자산운용,삼성미국S&P500인덱스H(주식)Ce,-0.49,3.58,7.47,21.48,2,주식형,0,0.84
삼성자산운용,삼성미국S&P500인덱스H(주식)Cw,-0.45,3.71,7.74,22.08,2,주식형,0,0.34
삼성자산운용,삼성코스닥150 1.5배레버리지(주식-파생)Ae,-6.06,-20.95,-27.29,-30.67,1,파생상품,0.5,0.95
삼성자산운용,삼성코스닥150 1.5배레버리지(주식-파생)Ce,-6.07,-20.98,-27.34,-30.77,1,파생상품,0,1.09
삼성자산운용,삼성한국형TDF2015(채권혼합-재간접형)A,-0.56,-0.93,3.05,5.83,4,재간접투자,1,0.42
삼성자산운용,삼성한국형TDF2015(채권혼합-재간접형)Ae,-0.55,-0.91,3.11,5.94,4,재간접투자,0.5,0.32
삼성자산운용,삼성한국형TDF2015(채권혼합-재간접형)C,-0.59,-1.02,2.88,5.47,4,재간접투자,0,0.76
삼성자산운용,삼성한국형TDF2015(채권혼합-재간접형)C-P,-0.58,-1.01,2.9,5.52,4,재간접투자,0,0.71
삼성자산운용,삼성한국형TDF2015(채권혼합-재간접형)C-Pe,-0.56,-0.95,3.03,5.77,4,재간접투자,0,0.47
삼성자산운용,삼성한국형TDF2015(채권혼합-재간접형)Ce,-0.56,-0.95,3.02,5.76,4,재간접투자,0,0.49
삼성자산운용,삼성한국형TDF2015(채권혼합-재간접형)Cw,-0.54,-0.89,3.15,6.03,4,재간접투자,0,0.23
삼성자산운용,삼성한국형TDF2020(채권혼합-재간접형)A,-0.52,-0.88,3.18,6.14,4,재간접투자,1,0.42
삼성자산운용,삼성한국형TDF2020(채권혼합-재간접형)Ae,-0.51,-0.86,3.23,6.25,4,재간접투자,0.5,0.32
삼성자산운용,삼성한국형TDF2020(채권혼합-재간접형)C,-0.55,-0.97,3,5.78,4,재간접투자,0,0.76
삼성자산운용,삼성한국형TDF2020(채권혼합-재간접형)C-P,-0.55,-0.96,3.03,5.83,4,재간접투자,0,0.71
삼성자산운용,삼성한국형TDF2020(채권혼합-재간접형)C-Pe,-0.53,-0.9,3.15,6.09,4,재간접투자,0,0.47
삼성자산운용,삼성한국형TDF2020(채권혼합-재간접형)Ce,-0.53,-0.9,3.14,6.07,4,재간접투자,0,0.49
삼성자산운용,삼성한국형TDF2025(주식혼합-재간접형)A,-0.48,-0.85,3.21,6.79,4,재간접투자,1,0.42
삼성자산운용,삼성한국형TDF2025(주식혼합-재간접형)Ae,-0.47,-0.82,3.27,6.9,4,재간접투자,0.5,0.32
삼성자산운용,삼성한국형TDF2025(주식혼합-재간접형)C,-0.51,-0.93,3.04,6.43,4,재간접투자,0,0.76
삼성자산운용,삼성한국형TDF2025(주식혼합-재간접형)C-P,-0.51,-0.92,3.06,6.48,4,재간접투자,0,0.71
삼성자산운용,삼성한국형TDF2025(주식혼합-재간접형)C-Pe,-0.49,-0.86,3.19,6.74,4,재간접투자,0,0.47
삼성자산운용,삼성한국형TDF2025(주식혼합-재간접형)Ce,-0.49,-0.87,3.18,6.72,4,재간접투자,0,0.49
삼성자산운용,삼성한국형TDF2025(주식혼합-재간접형)Cw,-0.45,-0.78,3.38,7.11,4,재간접투자,0,0.23
삼성자산운용,삼성한국형TDF2030(주식혼합-재간접형)A,-0.41,-0.86,3.31,8.83,3,재간접투자,1,0.42
삼성자산운용,삼성한국형TDF2030(주식혼합-재간접형)Ae,-0.4,-0.84,3.36,8.94,3,재간접투자,0.5,0.32
삼성자산운용,삼성한국형TDF2030(주식혼합-재간접형)C,-0.44,-0.95,3.13,8.46,3,재간접투자,0,0.76
삼성자산운용,삼성한국형TDF2030(주식혼합-재간접형)C-P,-0.44,-0.93,3.16,8.51,3,재간접투자,0,0.71
삼성자산운용,삼성한국형TDF2030(주식혼합-재간접형)C-Pe,-0.42,-0.87,3.29,8.78,3,재간접투자,0,0.47
삼성자산운용,삼성한국형TDF2030(주식혼합-재간접형)Ce,-0.42,-0.88,3.28,8.75,3,재간접투자,0,0.49
삼성자산운용,삼성한국형TDF2030(주식혼합-재간접형)Cw,-0.38,-0.76,3.53,9.35,3,재간접투자,0,0.23
삼성자산운용,삼성한국형TDF2035(주식혼합-재간접형)A,-0.49,-1.03,3.24,9.54,3,재간접투자,1,0.64
삼성자산운용,삼성한국형TDF2035(주식혼합-재간접형)Ae,-0.47,-0.98,3.35,9.78,3,재간접투자,0.5,0.43
삼성자산운용,삼성한국형TDF2035(주식혼합-재간접형)C,-0.52,-1.12,3.07,9.17,3,재간접투자,0,0.98
삼성자산운용,삼성한국형TDF2035(주식혼합-재간접형)C-P,-0.51,-1.1,3.11,9.26,3,재간접투자,0,0.9
삼성자산운용,삼성한국형TDF2035(주식혼합-재간접형)C-Pe,-0.48,-1.01,3.28,9.63,3,재간접투자,0,0.56
삼성자산운용,삼성한국형TDF2035(주식혼합-재간접형)Ce,-0.48,-1.02,3.26,9.59,3,재간접투자,0,0.6
삼성자산운용,삼성한국형TDF2040(주식혼합-재간접형)A,-0.5,-1.08,3.03,9.54,3,재간접투자,1,0.91
삼성자산운용,삼성한국형TDF2040(주식혼합-재간접형)Ae,-0.47,-1,3.19,9.89,3,재간접투자,0.5,0.59
삼성자산운용,삼성한국형TDF2040(주식혼합-재간접형)C,-0.53,-1.16,2.85,9.16,3,재간접투자,0,1.25
삼성자산운용,삼성한국형TDF2040(주식혼합-재간접형)C-P,-0.52,-1.15,2.88,9.23,3,재간접투자,0,1.19
삼성자산운용,삼성한국형TDF2040(주식혼합-재간접형)C-Pe,-0.48,-1.03,3.12,9.73,3,재간접투자,0,0.73
삼성자산운용,삼성한국형TDF2040(주식혼합-재간접형)Ce,-0.48,-1.04,3.1,9.7,3,재간접투자,0,0.76
삼성자산운용,삼성한국형TDF2040(주식혼합-재간접형)Cw,-0.43,-0.89,3.41,10.46,3,재간접투자,0,0.28
삼성자산운용,삼성한국형TDF2045(주식혼합-재간접형)A,-0.46,-1.04,3.07,10.03,3,재간접투자,1,0.96
삼성자산운용,삼성한국형TDF2045(주식혼합-재간접형)Ae,-0.43,-0.96,3.24,10.38,3,재간접투자,0.5,0.64
삼성자산운용,삼성한국형TDF2045(주식혼합-재간접형)C,-0.49,-1.12,2.9,9.65,3,재간접투자,0,1.3
삼성자산운용,삼성한국형TDF2045(주식혼합-재간접형)C-P,-0.48,-1.11,2.93,9.72,3,재간접투자,0,1.24
삼성자산운용,삼성한국형TDF2045(주식혼합-재간접형)C-Pe,-0.44,-0.99,3.17,10.23,3,재간접투자,0,0.78
삼성자산운용,삼성한국형TDF2045(주식혼합-재간접형)Ce,-0.44,-1,3.15,10.19,3,재간접투자,0,0.81
삼성자산운용,삼성한국형TDF2045(주식혼합-재간접형)Cw,-0.4,-0.88,3.41,10.78,3,재간접투자,0,0.33
삼성자산운용,삼성한국형TDF2050H(주혼-재간접형)A,-0.36,-0.91,3.19,10.6,3,재간접투자,1,0.96
삼성자산운용,삼성한국형TDF2050H(주혼-재간접형)Ae,-0.33,-0.83,3.36,10.95,3,재간접투자,0.5,0.64
삼성자산운용,삼성한국형TDF2050H(주혼-재간접형)C,-0.39,-0.99,3.01,10.22,3,재간접투자,0,1.3
삼성자산운용,삼성한국형TDF2050H(주혼-재간접형)C-P,-0.39,-0.98,3.04,10.29,3,재간접투자,0,1.24
삼성자산운용,삼성한국형TDF2050H(주혼-재간접형)C-Pe,-0.35,-0.86,3.28,10.8,3,재간접투자,0,1.24
삼성자산운용,삼성한국형TDF2050H(주혼-재간접형)Ce,-0.35,-0.87,3.27,10.76,3,재간접투자,0,0.81
삼성자산운용,삼성한국형TDF2050H(주혼-재간접형)Cw,0,-3.41,0,0,3,재간접투자,0,0.33
삼성자산운용,삼성한국형TDF2050UH(주혼-재간접형)A,4.53,9.52,9.89,26.05,3,재간접투자,1,0.96
삼성자산운용,삼성한국형TDF2050UH(주혼-재간접형)Ae,4.56,9.61,10.07,26.45,3,재간접투자,0.5,0.64
삼성자산운용,삼성한국형TDF2050UH(주혼-재간접형)C,4.5,9.43,9.71,25.63,3,재간접투자,0,1.3
삼성자산운용,삼성한국형TDF2050UH(주혼-재간접형)C-P,4.5,9.45,9.74,25.7,3,재간접투자,0,1.24
삼성자산운용,삼성한국형TDF2050UH(주혼-재간접형)C-Pe,4.54,9.57,9.99,26.27,3,재간접투자,0,0.78
삼성자산운용,삼성한국형TDF2050UH(주혼-재간접형)Ce,4.54,9.56,9.98,26.24,3,재간접투자,0,0.81
삼성자산운용,삼성한국형TDF2055(주식혼합-재간접형)A,-0.39,-0.97,0,0,3,재간접투자,1,0.96
삼성자산운용,삼성한국형TDF2055(주식혼합-재간접형)Ae,-0.36,-0.89,3.26,11.04,3,재간접투자,0.5,0.64
삼성자산운용,삼성한국형TDF2055(주식혼합-재간접형)C,-0.42,-1.05,2.93,0,3,재간접투자,0,1.3
삼성자산운용,삼성한국형TDF2055(주식혼합-재간접형)C-P,-0.41,-1.04,2.95,10.39,3,재간접투자,0,1.24
삼성자산운용,삼성한국형TDF2055(주식혼합-재간접형)C-Pe,-0.37,-0.93,3.18,10.89,3,재간접투자,0,0.78
삼성자산운용,삼성한국형TDF2055(주식혼합-재간접형)Ce,-0.38,-0.93,3.17,10.86,3,재간접투자,0,0.81
슈로더투신운용,슈로더유로증권(주식-재간접형)A,2.71,0.75,2.2,11.09,2,재간접투자,1,2.01
슈로더투신운용,슈로더유로증권(주식-재간접형)Ae,2.77,0.94,2.59,11.91,2,재간접투자,0.5,1.26
슈로더투신운용,슈로더유로증권(주식-재간접형)C1,2.68,0.65,2,10.66,2,재간접투자,0,2.41
슈로더투신운용,슈로더유로증권(주식-재간접형)Ce,2.76,0.9,2.51,11.75,2,재간접투자,0,1.41
슈로더투신운용,슈로더유로증권(주식-재간접형)W,2.8,1.03,2.77,12.3,2,재간접투자,0,0.91
신영자산운용,신영마라톤증권(주식)Ae,-3.45,-9.7,-13.61,-7.12,2,주식형,0.5,0.84
신영자산운용,신영마라톤증권(주식)C-G,-3.51,-9.85,-13.89,-7.73,2,주식형,0,1.48
신영자산운용,신영마라톤증권(주식)C-P,-3.51,-9.84,-13.88,-7.69,2,주식형,0,1.39
신영자산운용,신영마라톤증권(주식)C-Pe,-3.46,-9.73,-13.66,-7.24,2,주식형,0,0.965
신영자산운용,신영마라톤증권(주식)e,-3.47,-9.74,-13.67,-7.26,2,주식형,0,0.99
신영자산운용,신영밸류고배당40증권자형A(채혼),-1.48,-2.91,-3.73,1.31,4,채권혼합형,0.6,0.89
신영자산운용,신영밸류고배당40증권자형A-e(채혼),-1.46,-2.85,-3.61,1.57,4,채권혼합형,0.3,0.64
신영자산운용,신영밸류고배당40증권자형C(채혼),-1.51,-3,-3.92,0.93,4,채권혼합형,0,1.27
신영자산운용,신영밸류고배당40증권자형C-P(채혼),-1.51,-2.98,-3.88,1.01,4,채권혼합형,0,1.19
신영자산운용,신영밸류고배당40증권자형C-Pe(채혼),-1.47,-2.88,-3.68,1.42,4,채권혼합형,0,0.79
신영자산운용,신영밸류고배당40증권자형C-W(채혼),-1.44,-2.78,-3.49,1.83,4,채권혼합형,0,0.39
신영자산운용,신영밸류고배당40증권자형Ce(채혼),-1.47,-2.89,-3.7,1.38,4,채권혼합형,0,0.83
신영자산운용,신영밸류고배당증권자(주식)A,-4.4,-9.03,-12.41,-2.69,2,주식형,1,1.18
신영자산운용,신영밸류고배당증권자(주식)A-G,-4.39,-9.01,-12.37,-2.62,2,주식형,0.5,1.11
신영자산운용,신영밸류고배당증권자(주식)Ae,-4.37,-8.94,-12.24,-2.33,2,주식형,0.5,0.81
신영자산운용,신영밸류고배당증권자(주식)C,-4.41,-9.07,-12.48,-2.85,2,주식형,0,1.35
신영자산운용,신영밸류고배당증권자(주식)C-G,-4.41,-9.06,-12.47,-2.82,2,주식형,0,1.32
신영자산운용,신영밸류고배당증권자(주식)C-P,-4.41,-9.07,-12.48,-2.84,2,주식형,0,1.34
신영자산운용,신영밸류고배당증권자(주식)C-Pe,-4.37,-8.96,-12.28,-2.41,2,주식형,0,0.89
신영자산운용,신영밸류고배당증권자(주식)W,-4.34,-8.86,-12.08,-2,2,주식형,0,0.47
신영자산운용,신영밸류고배당증권자(주식)e,-4.37,-8.96,-12.28,-2.41,2,주식형,0,0.895
신한자산운용,신한 개인용MMF C,0.26,0.77,1.6,3.34,6,MMF(개인),0,0.43
신한자산운용,신한 중국본토 인덱스(주식) A1,1.99,11.85,15.46,20.94,2,주식형,1,0.715
신한자산운용,신한 중국본토 인덱스(주식) C-e,1.99,11.85,15.46,20.93,2,주식형,0,0.725
신한자산운용,신한 중국본토 인덱스(주식) C1,1.95,11.7,15.16,20.28,2,주식형,0,1.275
신한자산운용,신한 중국본토 인덱스(주식) Cw,2.02,11.94,15.65,21.35,2,주식형,0,0.375
신한자산운용,신한개인용MMF C-p,0.26,0.77,1.61,3.35,6,MMF(개인),0,0.42
신한자산운용,신한누버거버먼미국가치주(H)A-e,-5.22,-2.42,3.86,9.73,2,재간접투자,0.5,0.675
신한자산운용,신한누버거버먼미국가치주(H)A1,-5.25,-2.5,3.69,9.37,2,재간접투자,1,1
신한자산운용,신한누버거버먼미국가치주(H)C-e,-5.24,-2.46,3.77,9.53,2,재간접투자,0,0.85
신한자산운용,신한누버거버먼미국가치주(H)C-p,-5.25,-2.49,3.72,9.42,2,재간접투자,0,1.04
신한자산운용,신한누버거버먼미국가치주(H)C-pe,-5.22,-2.42,3.85,9.71,2,재간접투자,0,0.695
신한자산운용,신한누버거버먼미국가치주(H)C-w,-5.19,-2.34,4.03,10.08,2,재간접투자,0,0.35
신한자산운용,신한누버거버먼미국가치주(H)C1,-5.28,-2.58,3.51,8.99,2,재간접투자,0,1.35
신한자산운용,신한달러단기자금(USD)(채권)A-e,0.33,1.24,2.8,0,5,채권형,0.2,0.15
신한자산운용,신한달러단기자금(USD)(채권)A1,0.32,1.22,2.78,0,5,채권형,0.5,0.2
신한자산운용,신한달러단기자금(USD)(채권)C-e,0.33,1.23,2.78,0,5,채권형,0,0.19
신한자산운용,신한달러단기자금(USD)(채권)C1,0.31,1.17,2.67,0,5,채권형,0,0.4
신한자산운용,신한베스트크레딧단기채권A-e,0.28,1.03,2.29,4.81,5,채권형,0.15,0.18
신한자산운용,신한베스트크레딧단기채권A1,0.28,1.02,2.27,4.76,5,채권형,0.3,0.23
신한자산운용,신한베스트크레딧단기채권C,0.27,0.98,2.19,4.6,5,채권형,0,0.38
신한자산운용,신한베스트크레딧단기채권C-e,0.28,1.02,2.26,4.73,5,채권형,0,0.255
신한자산운용,신한베스트크레딧단기채권C-p,-0.8,-0.08,1.12,3.54,5,채권형,0,0.33
신한자산운용,신한베스트크레딧단기채권C-pe,-3.18,-2.46,-1.26,1.15,5,채권형,0,0.23
신한자산운용,신한베스트크레딧단기채권C-w,0.29,1.05,2.32,4.87,5,채권형,0,0.13
신한자산운용,신한삼성전자알파(채권혼합)A-e,-0.53,-2.72,-7.04,-4.86,4,채권혼합형,0.35,0.44
신한자산운용,신한삼성전자알파(채권혼합)A1,-0.53,-2.73,-7.06,-4.91,4,채권혼합형,0.7,0.49
신한자산운용,신한삼성전자알파(채권혼합)C-e,-0.54,-2.76,-7.12,-5.03,4,채권혼합형,0,0.442
신한자산운용,신한삼성전자알파(채권혼합)C-p,-0.56,-2.79,-7.18,-5.15,4,채권혼합형,0,0.74
신한자산운용,신한삼성전자알파(채권혼합)C-pe,-0.54,-2.75,-7.09,-4.98,4,채권혼합형,0,0.56
신한자산운용,신한삼성전자알파(채권혼합)C-w,-0.52,-2.7,-7.01,-4.81,4,채권혼합형,0,0.39
신한자산운용,신한삼성전자알파(채권혼합)C1,-0.56,-2.81,-7.22,-5.24,4,채권혼합형,0,0.83
신한자산운용,신한중국본토 인덱스(주식) A-e,2.01,11.89,15.56,21.14,2,주식형,0.5,0.545
신한자산운용,신한코리아롱숏청년형(주식)A-e,3.08,-5.05,-11.27,-12.26,2,주식형,0.5,1.04
신한자산운용,신한코리아롱숏청년형(주식)A1,3.05,-5.13,-11.43,-12.54,2,주식형,1,1.39
신한자산운용,신한코리아롱숏청년형(주식)C-e,3.06,-5.09,-11.34,-12.39,2,주식형,0,1.69
신한자산운용,신한코리아롱숏청년형(주식)C1,3.1,-5,-11.15,-12.01,2,주식형,0,1.69
아이비케이자산운용,IBK 2.0배인덱스파생Ce,-7.87,-20.1,-33.09,-26.2,1,파생상품,0,0.943
아이비케이자산운용,IBK KOSPI200인덱스1호(주식)A,-3.72,-10.07,-16.62,-10.63,2,주식형,0.5,0.4
아이비케이자산운용,IBK KOSPI200인덱스1호(주식)A-G,-3.72,-10.07,-16.6,-10.59,2,주식형,0.37,0.37
아이비케이자산운용,IBK KOSPI200인덱스1호(주식)A-e,-3.72,-10.06,0,0,2,주식형,0.25,0.35
아이비케이자산운용,IBK KOSPI200인덱스1호(주식)C,-3.75,-10.15,-16.75,-10.9,2,주식형,0,0.7
아이비케이자산운용,IBK KOSPI200인덱스1호(주식)C-P,-3.74,-10.13,-16.71,-10.83,2,주식형,0,0.62
아이비케이자산운용,IBK KOSPI200인덱스1호(주식)C-Pe,-3.73,-10.09,-16.64,-10.68,2,주식형,0,0.46
아이비케이자산운용,IBK KOSPI200인덱스1호(주식)C-W,-3.71,-10.05,-16.57,-10.54,2,주식형,0,0.3
아이비케이자산운용,IBK KOSPI200인덱스1호(주식)C-e,-3.73,-10.1,-16.66,-10.72,2,주식형,0,0.5
아이비케이자산운용,IBK KOSPI200인덱스1호(주식)Cf,-3.72,-10.06,-16.59,-41.17,2,주식형,0,0.33
아이비케이자산운용,IBK KOSPI200인덱스청년형(주식)A,-3.72,-10.07,-16.61,-10.62,2,주식형,0.5,0.405
아이비케이자산운용,IBK KOSPI200인덱스청년형(주식)Ae,-3.72,-10.06,-16.59,-10.58,2,주식형,0.25,0.355
아이비케이자산운용,IBK KOSPI200인덱스청년형(주식)C,-3.75,-10.14,-16.75,-10.9,2,주식형,0,0.705
아이비케이자산운용,IBK KOSPI200인덱스청년형(주식)Ce,-3.73,-10.1,-16.66,-10.71,2,주식형,0,0.505
아이비케이자산운용,IBK KRX100인덱스A(주식,-3.97,-10.35,-15.78,-10.19,2,주식형,0.5,0.8
아이비케이자산운용,IBK KRX100인덱스Ae(주식),-3.95,-10.31,-15.69,-10.01,2,주식형,0.25,0.61
아이비케이자산운용,IBK KRX100인덱스C(주식),-4.01,-10.46,-15.98,-10.6,2,주식형,0,1.26
아이비케이자산운용,IBK KRX100인덱스C-P(주식),-4,-10.42,-15.91,-10.45,2,주식형,0,1.1
아이비케이자산운용,IBK KRX100인덱스C-Pe(주식),-3.97,-10.34,-15.76,-10.15,2,주식형,0,0.76
아이비케이자산운용,IBK KRX100인덱스Ce(주식),-3.97,-10.36,-15.8,-10.22,2,주식형,0,0.84
아이비케이자산운용,IBK SaveAsset 단기채증권(채권)C-W,0.3,1.04,2.21,4.74,6,채권형,0,0.08
아이비케이자산운용,IBK SaveAsset가치형롱숏C-W(채혼),1.34,2.04,-2.71,3.55,4,채권혼합형,0,0.329
아이비케이자산운용,IBK SaveAsset국공채증권(채권)C-W,0.03,1.15,2.76,4.57,5,채권형,0,0.177
아이비케이자산운용,IBK SaveAsset단기국공채(채권)C-W,0.25,0.83,1.78,3.69,6,채권형,0,0.075
아이비케이자산운용,IBK SaveAsset중소형주코리아20C-W(채혼),-0.09,-0.05,-0.24,3.55,5,채권혼합형,0,0.345
아이비케이자산운용,IBK골드마이닝증권형자1호(주식)A,-4.51,-10.28,5.02,16.06,1,주식형,1,2.09
아이비케이자산운용,IBK골드마이닝증권형자1호(주식)C-P,-4.5,-10.26,5.07,16.18,1,주식형,0,1.99
아이비케이자산운용,IBK골드마이닝증권형자1호(주식)C-Pe,-4.46,-10.15,5.3,16.69,1,주식형,0,1.54
아이비케이자산운용,IBK골드마이닝증권형자1호(주식)C1,-4.52,-10.31,4.97,15.95,1,주식형,0,2.19
아이비케이자산운용,IBK골드마이닝증권형자1호(주식)Ce,-4.51,-10.28,5.02,16.06,1,주식형,0,2.09
아이비케이자산운용,IBK그랑프리국공채(채권)A-G,0.01,1.11,2.67,4.39,5,채권형,0.15,0.35
아이비케이자산운용,IBK그랑프리국공채(채권)A1,0.01,1.1,2.65,4.34,5,채권형,0.2,0.39
아이비케이자산운용,IBK그랑프리국공채(채권)Ae,0.02,1.11,2.69,4.43,5,채권형,0.1,0.31
아이비케이자산운용,IBK그랑프리국공채(채권)C,0,1.07,2.6,4.25,5,채권형,0,0.478
아이비케이자산운용,IBK그랑프리국공채(채권)C-G,0.01,1.09,2.64,4.33,5,채권형,0,0.406
아이비케이자산운용,IBK그랑프리국공채(채권)C1,0,1.07,2.6,4.25,5,채권형,0,0.478
아이비케이자산운용,IBK그랑프리국공채(채권)Ce,0.02,1.11,2.68,4.4,5,채권형,0,0.334
아이비케이자산운용,IBK그랑프리국공채MMF개인C,0.24,0.74,1.57,3.23,6,MMF(개인),0,0.4
아이비케이자산운용,IBK그랑프리국공채MMF개인C-P,0.24,0.75,1.57,3.24,6,MMF(개인),0,0.39
아이비케이자산운용,IBK그랑프리국공채MMF법인C,0.28,0.82,1.72,3.56,6,MMF(법인),0,0.17
아이비케이자산운용,IBK그랑프리법인용미국달러화MMF1호(USD)C,0.37,1.09,2.37,4.92,6,MMF(법인),0,0.319
아이비케이자산운용,IBK그랑프리법인용미국달러화MMF1호(USD)Ce,0.38,1.12,2.43,5.03,6,MMF(법인),0,0.209
아이비케이자산운용,IBK그랑프리한국대표A(주식),0.01,-4.31,-13.74,-4.3,2,주식형,1,1.55
아이비케이자산운용,IBK그랑프리한국대표Ae(주식),0.06,-4.16,-13.47,-3.72,2,주식형,1,0.955
아이비케이자산운용,IBK그랑프리한국대표C-P(주식),0.01,-4.3,-13.71,-4.25,2,주식형,0,1.5
아이비케이자산운용,IBK그랑프리한국대표C-Pe(주식),0.04,-4.21,-13.56,-3.92,2,주식형,0,1.15
아이비케이자산운용,IBK그랑프리한국대표C1(주식),-0.04,-4.45,-13.98,-4.82,2,주식형,0,2.105
아이비케이자산운용,IBK그랑프리한국대표Ce(주식),0.02,-4.29,-13.69,-4.2,2,주식형,0,1.455
아이비케이자산운용,IBK단기국공채공모주A[채혼],0.12,0.65,1.34,2.59,5,채권혼합형,0.4,0.615
아이비케이자산운용,IBK단기국공채공모주C[채혼],0.1,0.58,1.21,2.32,5,채권혼합형,0,0.875
아이비케이자산운용,IBK단기국공채공모주Ce[채혼],0.12,0.66,1.36,2.63,5,채권혼합형,0,0.575
아이비케이자산운용,IBK단기국공채증권C(채권),0.24,0.78,1.69,3.51,6,채권형,0,0.24
아이비케이자산운용,IBK단기국공채증권C-G(채권),0.24,0.79,1.72,3.56,6,채권형,0,0.2
아이비케이자산운용,IBK단기국공채증권C-P(채권),0.24,0.8,1.72,3.56,6,채권형,0,0.185
아이비케이자산운용,IBK단기국공채증권C-Pe(채권),0.25,0.81,1.75,3.62,6,채권형,0,0.13
아이비케이자산운용,IBK단기국공채증권C-f(채권),-3.29,-2.74,-1.82,0.01,6,채권형,0,0.09
아이비케이자산운용,IBK단기국공채증권Ce(채권),0.25,0.8,1.74,3.59,6,채권형,0,0.16
아이비케이자산운용,IBK단기채(채권)A,0.29,1,2.15,4.6,6,채권형,0.04,0.2
아이비케이자산운용,IBK단기채(채권)Ae,0.29,1.01,2.15,4.61,6,채권형,0.02,0.19
아이비케이자산운용,IBK단기채(채권)C1,0.29,1,2.13,4.56,6,채권형,0,0.23
아이비케이자산운용,IBK단기채(채권)Ce,0.29,1,2.15,4.6,6,채권형,0,0.2
아이비케이자산운용,IBK럭셔리라이프스타일(주식)A,4.11,8.23,7.01,7.48,2,주식형,1,2.09
아이비케이자산운용,IBK럭셔리라이프스타일(주식)Ae,4.16,8.36,7.28,8.02,2,주식형,0.5,1.59
아이비케이자산운용,IBK럭셔리라이프스타일(주식)C-Pe,4.17,8.4,7.36,8.18,2,주식형,0,1.44
아이비케이자산운용,IBK럭셔리라이프스타일(주식)C1,4.1,8.2,6.96,7.37,2,주식형,0,2.19
아이비케이자산운용,IBK럭셔리라이프스타일(주식)Ce,4.15,8.34,7.25,7.96,2,주식형,0,1.64
아이비케이자산운용,IBK베트남플러스아시아[주식]A,6.72,3.2,3.51,21.98,1,주식형,1,2.09
아이비케이자산운용,IBK베트남플러스아시아[주식]A-G,6.76,3.33,3.78,22.59,1,주식형,0.75,1.59
아이비케이자산운용,IBK베트남플러스아시아[주식]C-G,6.72,3.2,3.52,21.98,1,주식형,0,2.09
아이비케이자산운용,IBK베트남플러스아시아[주식]C-P,6.75,3.29,3.7,22.41,1,주식형,0,1.744
아이비케이자산운용,IBK베트남플러스아시아[주식]C-Pe,6.78,3.37,3.87,22.8,1,주식형,0,1.415
아이비케이자산운용,IBK베트남플러스아시아[주식]C-W,6.81,3.46,4.05,23.2,1,주식형,0,1.09
아이비케이자산운용,IBK베트남플러스아시아[주식]C1,6.71,3.17,3.46,21.86,1,주식형,0,2.19
아이비케이자산운용,IBK베트남플러스아시아[주식]Ce,6.72,3.2,3.51,21.98,1,주식형,0,2.09
아이비케이자산운용,IBK켄쇼4.0레볼루션증권자(H)(주식)A,-0.82,9.08,17.05,16.19,2,주식형,1,1.46
아이비케이자산운용,IBK켄쇼4.0레볼루션증권자(H)(주식)Ae,-0.79,9.18,17.25,16.59,2,주식형,0.5,1.11
아이비케이자산운용,IBK켄쇼4.0레볼루션증권자(H)(주식)C,-0.84,9,16.88,15.84,2,주식형,0,1.76
아이비케이자산운용,IBK켄쇼4.0레볼루션증권자(H)(주식)C-P,-0.83,9.06,16.99,16.07,2,주식형,0,1.56
아이비케이자산운용,IBK켄쇼4.0레볼루션증권자(H)(주식)C-Pe,-0.79,9.17,17.22,16.53,2,주식형,0,1.16
아이비케이자산운용,IBK켄쇼4.0레볼루션증권자(H)(주식)Ce,-0.8,9.14,17.16,16.42,2,주식형,0,1.26
아이비케이자산운용,IBK켄쇼4.0레볼루션증권자(H)(주식)Cf,-0.76,9.27,17.43,16.96,2,주식형,0,0.79
아이비케이자산운용,IBK켄쇼4.0레볼루션증권자(H)(주식)Cw,-0.75,9.28,17.46,17.02,2,주식형,0,0.76
아이비케이자산운용,IBK평생설계다보스글로벌연금C,4.75,7.65,7.57,37.33,2,주식형,0,1.51
아이비케이자산운용,IBK평생설계다보스글로벌연금Ce,4.79,7.77,7.81,37.93,2,주식형,0,1.06
아이비케이자산운용,IBK평생설계연금(주식)C,-2.96,-8.09,-15.28,-8.47,2,주식형,0,1.52
아이비케이자산운용,IBK평생설계연금(주식)Ce,-2.92,-7.98,-15.07,-8.03,2,주식형,0,1.05
아이비케이자산운용,IBK평생설계연금(주식혼합)C,-1.8,-4.64,-8.94,-3.92,3,주식혼합형,0,1.36
아이비케이자산운용,IBK평생설계연금(주식혼합)E,-1.76,-4.53,-8.73,-3.49,3,주식혼합형,0,0.915
아이비케이자산운용,IBK평생설계연금증권(국공채)C,0,1.07,2.59,4.24,5,채권형,0,0.495
아이비케이자산운용,IBK평생설계연금증권(국공채)C-e,0.02,1.11,2.67,4.39,5,채권형,0,0.351
아이비케이자산운용,IBK플레인바닐라EMP(혼합-재간접)A,0.6,-0.92,0.59,8.55,3,재간접투자,1,1.19
아이비케이자산운용,IBK플레인바닐라EMP(혼합-재간접)Ae,0.63,-0.83,0.77,8.92,3,재간접투자,0.5,0.84
아이비케이자산운용,IBK플레인바닐라EMP(혼합-재간접)C,0.58,-0.98,0.47,8.28,3,재간접투자,0,1.44
아이비케이자산운용,IBK플레인바닐라EMP(혼합-재간접)C-P,0.6,-0.94,0.56,8.48,3,재간접투자,0,1.25
아이비케이자산운용,IBK플레인바닐라EMP(혼합-재간접)C-Pe,0.63,-0.84,0.76,8.89,3,재간접투자,0,0.87
아이비케이자산운용,IBK플레인바닐라EMP(혼합-재간접)Ce,0.62,-0.86,0.71,8.79,3,재간접투자,0,0.965
아이비케이자산운용,IBK플레인바닐라EMP(혼합-재간접)Cw,0.66,-0.75,0.95,9.3,3,재간접투자,0,0.49
에셋플러스자산운용,에셋플러스글로벌리치증권자1호(주식)A,4.11,8.24,7.81,28,2,주식형,1,1.7
에셋플러스자산운용,에셋플러스글로벌리치증권자1호(주식)Ae,4.13,8.31,7.97,28.37,2,주식형,0.5,1.41
에셋플러스자산운용,에셋플러스글로벌리치증권자1호(주식)C,4.08,8.14,7.63,27.57,2,주식형,0,2.05
에셋플러스자산운용,에셋플러스글로벌리치증권자1호(주식)C-P,4.11,8.24,7.82,28.02,2,주식형,0,1.69
에셋플러스자산운용,에셋플러스글로벌리치증권자1호(주식)C-Pe,4.15,8.36,8.07,28.62,2,주식형,0,1.21
에셋플러스자산운용,에셋플러스글로벌리치증권자1호(주식)Ce,4.11,8.27,7.88,28.15,2,주식형,0,1.585
에셋플러스자산운용,에셋플러스글로벌리치증권자1호(주식)W,4.16,8.39,8.12,28.73,2,주식형,0,1.12
에셋플러스자산운용,에셋플러스코리아리치증권자1호(주식)A,0.35,-8.83,-15.38,-13.52,2,주식형,0.9,1.4
에셋플러스자산운용,에셋플러스코리아리치증권자1호(주식)Ae,0.37,-8.78,-15.27,-13.31,2,주식형,0.45,1.16
에셋플러스자산운용,에셋플러스코리아리치증권자1호(주식)C,0.33,-8.91,-15.52,-13.8,2,주식형,0,1.72
에셋플러스자산운용,에셋플러스코리아리치증권자1호(주식)C-P,0.34,-8.86,-15.44,-13.63,2,주식형,0,1.53
에셋플러스자산운용,에셋플러스코리아리치증권자1호(주식)C-Pe,0.38,-8.75,-15.23,-13.21,2,주식형,0,1.225
에셋플러스자산운용,에셋플러스코리아리치증권자1호(주식)Ce,0.36,-8.81,-15.34,-13.45,2,주식형,0,1.32
에셋플러스자산운용,에셋플러스코리아리치증권자1호(주식)w,0.39,-8.72,-15.17,-13.1,2,주식형,0,0.92
에이치디씨자산운용,HDC디딤모아주고막아주는(채권혼합)A,0.23,-0.36,-0.59,2.4,5,채권혼합형,0.5,0.932
에이치디씨자산운용,HDC디딤모아주고막아주는(채권혼합)A-E,0.25,-0.3,-0.46,2.66,5,채권혼합형,0.25,0.682
에이치디씨자산운용,HDC디딤모아주고막아주는(채권혼합)C,0.2,-0.44,-0.74,2.09,5,채권혼합형,0,1.232
에이치디씨자산운용,HDC디딤모아주고막아주는(채권혼합)C-E,0.24,-0.34,-0.54,2.5,5,채권혼합형,0,0.832
에이치디씨자산운용,HDC디딤모아주고막아주는(채권혼합)C-P2,0.24,-0.34,-0.54,2.5,5,채권혼합형,0,0.832
에이치디씨자산운용,HDC디딤모아주고막아주는(채권혼합)C-P2e,0.26,-0.27,-0.41,2.76,5,채권혼합형,0,0.582
에이치디씨자산운용,HDC디딤모아주고막아주는(채권혼합)C-W,0,-6.21,-6.28,-3.17,5,채권혼합형,0,0.332
엔에이치아문디자산운용,NH-Amundi1.5배인덱스파생Ae,-5.73,-15.06,-24.8,-18.22,1,파생상품,0.5,0.725
엔에이치아문디자산운용,NH-Amundi1.5배인덱스파생Ce,-5.76,-15.15,-24.96,-18.54,1,파생상품,0,1.105
엔에이치아문디자산운용,NH-Amundi국채10년인덱스(채권)A,-1.55,0.43,3.33,3.95,4,채권형,0.3,0.26
엔에이치아문디자산운용,NH-Amundi국채10년인덱스(채권)Ae,-1.54,0.45,3.37,4.04,4,채권형,0.15,0.17
엔에이치아문디자산운용,NH-Amundi국채10년인덱스(채권)C,-1.58,0.35,3.17,3.63,4,채권형,0,0.57
엔에이치아문디자산운용,NH-Amundi국채10년인덱스(채권)C-P1,-1.56,0.4,3.27,3.84,4,채권형,0,0.37
엔에이치아문디자산운용,NH-Amundi국채10년인덱스(채권)C-P1e,-1.55,0.43,3.34,3.97,4,채권형,0,0.245
엔에이치아문디자산운용,NH-Amundi국채10년인덱스(채권)C-W,-1.54,0.46,3.4,4.1,4,채권형,0,0.12
엔에이치아문디자산운용,NH-Amundi국채10년인덱스(채권)Ce,-1.55,0.43,3.32,3.94,4,채권형,0,0.27
엔에이치아문디자산운용,NH-Amundi리버스인덱스파생Ae,4.08,11.34,18.42,12.37,1,파생상품,0.4,0.558
엔에이치아문디자산운용,NH-Amundi리버스인덱스파생Ce,4.05,11.26,18.25,12.06,1,파생상품,0,0.833
엔에이치아문디자산운용,NH-Amundi법인MMF8호,0.28,0.84,1.75,3.6,6,MMF(법인),0,0.1
엔에이치아문디자산운용,NH-Amundi필승코리아(주식)A,2.71,-9.65,-24.98,-14.6,2,주식형,0.5,0.877
엔에이치아문디자산운용,NH-Amundi필승코리아(주식)Ae,2.72,-9.6,-24.89,-14.43,2,주식형,0.25,0.707
엔에이치아문디자산운용,NH-Amundi필승코리아(주식)C,2.69,-9.7,-25.05,-14.74,2,주식형,0,1.037
엔에이치아문디자산운용,NH-Amundi필승코리아(주식)C-P1,2.71,-9.62,-24.92,-14.51,2,주식형,0,0.807
엔에이치아문디자산운용,NH-Amundi필승코리아(주식)C-P1e,2.72,-9.58,-24.84,-14.38,2,주식형,0,0.672
엔에이치아문디자산운용,NH-Amundi필승코리아(주식)Ce,2.71,-9.62,-24.92,-14.5,2,주식형,0,0.787
엔에이치아문디자산운용,NH-Amundi필승코리아(주식)Cw,2.79,-9.68,-24.97,-14.34,2,주식형,0,0.537
엔에이치아문디자산운용,NH-Amundi하나로단기채(채권)A,0.28,0.94,2.11,4.47,6,채권형,0.1,0.295
엔에이치아문디자산운용,NH-Amundi하나로단기채(채권)A2,0.29,0.98,2.19,4.63,6,채권형,0.3,0.145
엔에이치아문디자산운용,NH-Amundi하나로단기채(채권)Ae,0.29,0.97,2.16,4.57,6,채권형,0.05,0.195
엔에이치아문디자산운용,NH-Amundi하나로단기채(채권)C,0.27,0.92,2.06,4.36,6,채권형,0,0.395
엔에이치아문디자산운용,NH-Amundi하나로단기채(채권)C-P1,0.28,0.95,2.12,4.48,6,채권형,0,0.285
엔에이치아문디자산운용,NH-Amundi하나로단기채(채권)C-P1e,0.29,0.97,2.17,4.58,6,채권형,0,0.19
엔에이치아문디자산운용,NH-Amundi하나로단기채(채권)Ce,0.28,0.96,2.14,4.52,6,채권형,0,0.245
엔에이치아문디자산운용,NH-Amundi하나로단기채(채권)Cw,0.3,0.99,2.21,4.68,6,채권형,0,0.095
엔에이치아문디자산운용,NH-Amundi한국미국성장청년형(주식)C,2.28,2.8,-2.65,15.37,2,주식형,0,1.195
엔에이치아문디자산운용,NH-Amundi한국미국성장청년형(주식)Ce,2.3,2.87,-2.5,15.71,2,주식형,0,0.895
우리자산운용,우리PIMCO글로벌투자등급(H)A,-0.7,-1.14,2,1.49,4,재간접투자,0.7,0.895
우리자산운용,우리PIMCO글로벌투자등급(H)Ae,-0.67,-1.07,2.16,1.8,4,재간접투자,0.35,0.595
우리자산운용,우리PIMCO글로벌투자등급(H)C,-0.73,-1.24,1.8,1.09,4,재간접투자,0,1.295
우리자산운용,우리PIMCO글로벌투자등급(H)Ce,-0.72,-1.19,1.9,1.29,4,재간접투자,0,1.095
우리자산운용,우리PIMCO글로벌투자등급(H)Cw,-0.64,-0.99,2.31,2.11,4,재간접투자,0,0.295
우리자산운용,우리PIMCO글로벌투자등급(H)P2,-0.7,-1.14,2,1.49,4,재간접투자,0,0.895
우리자산운용,우리PIMCO글로벌투자등급(H)Pe2,-0.67,-1.07,2.16,1.81,4,재간접투자,0,0.585
우리자산운용,우리PIMCO토탈리턴A,-1.54,-3.42,0.28,-0.49,4,재간접투자,0.7,0.845
우리자산운용,우리PIMCO토탈리턴Ae,-1.51,-3.35,0.43,-0.19,4,재간접투자,0.35,0.545
우리자산운용,우리PIMCO토탈리턴C,-1.57,-3.52,0.08,-0.89,4,재간접투자,0,1.245
우리자산운용,우리PIMCO토탈리턴C-W,-1.48,-3.28,0.59,0.11,4,재간접투자,0,0.245
우리자산운용,우리PIMCO토탈리턴Ce,-1.55,-3.47,0.18,-0.69,4,재간접투자,0,1.045
우리자산운용,우리PIMCO토탈리턴P2,-1.57,-3.52,0.09,-0.87,4,재간접투자,0,1.225
우리자산운용,우리PIMCO토탈리턴Pe2,-1.53,-3.4,0.34,-0.38,4,재간접투자,0,0.735
우리자산운용,우리단기채권증권A(채권),0.28,0.94,2.01,4.3,6,채권형,0.05,0.25
우리자산운용,우리단기채권증권A-G(채권),0.29,0.95,2.03,0.25,6,채권형,0.0375,0.212
우리자산운용,우리단기채권증권Ae(채권),0.29,0.96,2.03,4.35,6,채권형,0.03,0.2
우리자산운용,우리단기채권증권C(채권),0.27,0.89,1.9,4.09,6,채권형,0,0.45
우리자산운용,우리단기채권증권C-G(채권),0.27,0.91,1.95,4.18,6,채권형,0,0.362
우리자산운용,우리단기채권증권C-P1(채권),0.27,0.91,1.94,4.16,6,채권형,0,0.38
우리자산운용,우리단기채권증권C-P1e(채권),0.28,0.94,2.01,4.31,6,채권형,0,0.24
우리자산운용,우리단기채권증권Ce(채권),0.28,0.94,1.99,4.27,6,채권형,0,0.275
우리자산운용,우리단기채권증권Cw(채권),0.3,0.98,2.08,4.46,6,채권형,0,0.1
우리자산운용,우리재팬증권자(주식)A,5.48,4.82,1.25,22.91,2,주식형,1,1.87
우리자산운용,우리재팬증권자(주식)Ae,5.52,4.94,1.49,23.47,2,주식형,0.5,1.42
우리자산운용,우리재팬증권자(주식)C-W,5.56,5.05,1.73,24.03,2,주식형,0,0.97
우리자산운용,우리중소형고배당1호(주식)A,-2.48,-10.22,-20.54,-8.23,2,주식형,1,0.992
우리자산운용,우리중소형고배당1호(주식)Ae,-2.46,-10.16,-20.43,-7.99,2,주식형,0.5,0.742
우리자산운용,우리중소형고배당1호(주식)C,-2.53,-10.34,-20.77,-8.71,2,주식형,0,1.492
우리자산운용,우리중소형고배당1호(주식)C-P1,-2.52,-10.33,-20.75,-8.66,2,주식형,0,1.442
우리자산운용,우리중소형고배당1호(주식)C-P1e,-2.48,-10.21,-20.53,-8.21,2,주식형,0,0.967
우리자산운용,우리중소형고배당1호(주식)C-W,-2.43,-10.09,-20.32,-7.76,2,주식형,0,0.492
우리자산운용,우리중소형고배당1호(주식)Ce,-2.51,-10.29,-20.68,-8.52,2,주식형,0,1.292
우리자산운용,우리프랭클린미국바이오헬스케어A,-5.46,0,0,0,2,재간접투자,1,0.84
우리자산운용,우리프랭클린미국바이오헬스케어Ae,-5.43,0,0,0,2,재간접투자,0.5,0.49
우리자산운용,우리프랭클린미국바이오헬스케어C,-5.48,0,0,0,2,재간접투자,0,1.14
우리자산운용,우리프랭클린미국바이오헬스케어CP,-5.47,0,0,0,2,재간접투자,0,0.94
우리자산운용,우리프랭클린미국바이오헬스케어CW,0,0,0,0,2,재간접투자,0,0.14
우리자산운용,우리프랭클린미국바이오헬스케어Ce,-5.44,0,0,0,2,재간접투자,0,0.64
우리자산운용,우리하이플러스채권1호(채권)A(선취무),0.24,1,2.23,4.7,5,채권형,0,0.59
우리자산운용,우리하이플러스채권1호(채권)A-e(선취무),0.26,1.05,2.34,4.91,5,채권형,0,0.391
우리자산운용,우리하이플러스채권1호(채권)B(선취유),0.26,1.05,2.34,4.91,5,채권형,0.3,0.392
우리자산운용,우리하이플러스채권1호(채권)C-P1,0.25,1.03,2.3,4.83,5,채권형,0,0.471
우리자산운용,우리하이플러스채권1호(채권)C-P1e,0.26,1.07,2.37,4.98,5,채권형,0,0.331
우리자산운용,우리하이플러스채권1호(채권)C-W,0.27,1.1,2.44,1.66,5,채권형,0,0.192
유리자산운용,유리글로벌Top10주식과단기채(채혼)A,1.61,3.09,4.22,13.08,4,채권혼합형,0.7,0.705
유리자산운용,유리글로벌Top10주식과단기채(채혼)A-e,1.63,3.13,4.3,13.25,4,채권혼합형,0.35,0.555
유리자산운용,유리글로벌Top10주식과단기채(채혼)C,1.58,2.99,4.01,12.63,4,채권혼합형,0,1.105
유리자산운용,유리글로벌Top10주식과단기채(채혼)C-P2,1.6,3.05,1.47,9.99,4,채권혼합형,0,0.885
유리자산운용,유리글로벌Top10주식과단기채(채혼)C-P2e,1.62,3.11,4.26,13.15,4,채권혼합형,0,0.645
유리자산운용,유리글로벌Top10주식과단기채(채혼)C-W,1.64,3.17,4.38,13.42,4,채권혼합형,0,0.405
유리자산운용,유리글로벌Top10주식과단기채(채혼)C-e,1.61,3.08,4.2,13.02,4,채권혼합형,0,0.755
유리자산운용,유리글로벌거래소증권(주식)A,-0.34,6.38,16.23,18.03,3,주식형,1,1.685
유리자산운용,유리글로벌거래소증권(주식)Ae,-0.3,6.5,16.48,18.55,3,주식형,0.5,1.235
유리자산운용,유리글로벌거래소증권(주식)C,-0.36,6.33,16.11,17.8,3,주식형,0,1.885
유리자산운용,유리글로벌거래소증권(주식)C-W,-0.26,6.62,16.74,19.08,3,주식형,0,0.785
유리자산운용,유리글로벌거래소증권(주식)Ce,-0.31,6.47,16.42,18.43,3,주식형,0,1.335
유리자산운용,유리필라델피아반도체인덱스H(주식)A,5.46,-2.41,-6.94,16.53,1,주식형,1,1.16
유리자산운용,유리필라델피아반도체인덱스H(주식)A-e,5.48,-2.34,-6.82,16.83,1,주식형,0.5,0.91
유리자산운용,유리필라델피아반도체인덱스H(주식)C,5.42,-2.53,-7.19,15.94,1,주식형,0,1.66
유리자산운용,유리필라델피아반도체인덱스H(주식)C-P2,5.45,-2.42,-6.97,16.47,1,주식형,0,1.21
유리자산운용,유리필라델피아반도체인덱스H(주식)C-P2e,5.48,-2.35,-6.83,16.8,1,주식형,0,0.93
유리자산운용,유리필라델피아반도체인덱스H(주식)C-W,5.5,-2.28,-6.69,17.13,1,주식형,0,0.66
유리자산운용,유리필라델피아반도체인덱스H(주식)C-e,5.46,-2.4,-6.94,16.54,1,주식형,0,1.15
유리자산운용,유리필라델피아반도체인덱스UH(주식)A,10.3,6.87,-1.44,32.47,1,주식형,1,1.16
유리자산운용,유리필라델피아반도체인덱스UH(주식)A-e,10.32,6.93,-1.32,32.8,1,주식형,0.5,0.91
유리자산운용,유리필라델피아반도체인덱스UH(주식)C,10.25,6.73,-1.69,31.81,1,주식형,0,1.66
유리자산운용,유리필라델피아반도체인덱스UH(주식)C-P2,10.29,6.85,-1.48,32.39,1,주식형,0,1.21
유리자산운용,유리필라델피아반도체인덱스UH(주식)C-P2e,10.32,6.93,-1.33,32.77,1,주식형,0,0.93
유리자산운용,유리필라델피아반도체인덱스UH(주식)C-W,10.34,7,-1.19,33.14,1,주식형,0,0.66
유리자산운용,유리필라델피아반도체인덱스UH(주식)C-e,10.3,6.87,-1.44,32.48,1,주식형,0,1.15
유진자산운용,유진챔피언공모주1호[주식혼합]A,-1.95,-1.59,-1.1,1.3,5,주식혼합형,0.5,1.35
유진자산운용,유진챔피언공모주1호[주식혼합]A2,-1.92,-1.52,-0.95,1.6,5,주식혼합형,0.8,1.05
유진자산운용,유진챔피언공모주1호[주식혼합]C,-1.97,-1.64,-1.2,1.09,5,주식혼합형,0,1.55
유진자산운용,유진챔피언공모주1호[주식혼합]C-E,-1.94,-1.57,-1.05,1.4,5,주식혼합형,0,1.25
유진자산운용,유진챔피언공모주1호[주식혼합]I-1,-1.93,-1.54,-1,1.5,5,주식혼합형,0,1.15
유진자산운용,유진챔피언단기채증권(채권)A,0.35,0.98,1.97,4.25,6,채권형,0.1,0.3
유진자산운용,유진챔피언단기채증권(채권)A-E,0.36,1,2.03,4.36,6,채권형,0.05,0.194
유진자산운용,유진챔피언단기채증권(채권)A2,0.36,1.01,2.05,4.41,6,채권형,0.3,0.15
유진자산운용,유진챔피언단기채증권(채권)C,0.34,0.95,1.93,4.16,6,채권형,0,0.39
유진자산운용,유진챔피언단기채증권(채권)C-E,0.36,0.99,2,4.31,6,채권형,0,0.239
유진자산운용,유진챔피언단기채증권(채권)C-P1,0.35,0.97,1.96,4.22,6,채권형,0,0.33
유진자산운용,유진챔피언단기채증권(채권)C-Pe,0.36,1,2.02,4.35,6,채권형,0,0.21
유진자산운용,유진챔피언단기채증권(채권)C-W,0.37,1.03,2.08,4.46,6,채권형,0,0.1
유진자산운용,유진챔피언중단기채증권자(채권)A,0.24,1.01,2.26,4.85,5,채권형,0.1,0.32
유진자산운용,유진챔피언중단기채증권자(채권)A-E,0.25,1.03,2.31,4.96,5,채권형,0.05,0.22
유진자산운용,유진챔피언중단기채증권자(채권)A2,0.25,1.05,1.21,0.65,5,채권형,0.3,0.17
유진자산운용,유진챔피언중단기채증권자(채권)C,0.23,0.99,2.21,4.76,5,채권형,0,0.41
유진자산운용,유진챔피언중단기채증권자(채권)C-E,0.24,1.02,2.28,4.91,5,채권형,0,0.265
유진자산운용,유진챔피언중단기채증권자(채권)C-P,0.24,1,-2.22,0.25,5,채권형,0,0.35
유진자산운용,유진챔피언중단기채증권자(채권)C-Pe,0.25,1.03,2.3,4.95,5,채권형,0,0.23
유진자산운용,유진챔피언중단기채증권자(채권)C-W,0.26,1.06,2.36,5.06,5,채권형,0,0.11
이스트스프링자산운용코리아,이스트스프링미국투자적격회사채A,-1.08,-2.44,0.99,0.91,4,재간접투자,0.7,0.85
이스트스프링자산운용코리아,이스트스프링미국투자적격회사채C,-1.12,-2.54,0.79,0.5,4,재간접투자,0,1.25
이스트스프링자산운용코리아,이스트스프링미국투자적격회사채CE,-1.08,-2.43,1.02,0.95,4,재간접투자,0,0.8
이스트스프링자산운용코리아,이스트스프링미국투자적격회사채CW,-1.04,-2.32,1.25,1.41,4,재간접투자,0,0.35
케이비자산운용,KB가치배당40(채권혼합)A,-0.9,-3.39,-6.22,-0.57,4,채권혼합형,0.7,0.955
케이비자산운용,KB가치배당40(채권혼합)C,-0.94,-3.51,-6.45,-1.05,4,채권혼합형,0,1.445
케이비자산운용,KB가치배당40(채권혼합)C-W,-0.86,-3.28,-5.99,-0.11,4,채권혼합형,0,0.505
케이비자산운용,KB가치배당40(채권혼합)Ce,-0.9,-3.4,-6.23,-0.59,4,채권혼합형,0,0.975
케이비자산운용,KB머니마켓액티브(채권)A,0.31,0.91,1.85,0,5,채권형,0.1,0.155
케이비자산운용,KB머니마켓액티브(채권)A-E,0.31,0.92,1.87,0,5,채권형,0.05,0.12
케이비자산운용,KB머니마켓액티브(채권)C,0.3,0.89,1.81,0,5,채권형,0,0.235
케이비자산운용,KB머니마켓액티브(채권)C-E,0.31,0.91,1.85,0,5,채권형,0,0.16
케이비자산운용,KB머니마켓액티브(채권)C-P,0.31,0.89,1.82,0,5,채권형,0,0.212
케이비자산운용,KB머니마켓액티브(채권)C-Pe,0.31,0.91,1.85,0,5,채권형,0,0.148
케이비자산운용,KB머니마켓액티브(채권)C-W,0.32,0.93,1.89,0,5,채권형,0,0.085
케이비자산운용,KB법인용MMF,0.29,0.87,1.8,0,6,MMF(법인),0,0.09
케이비자산운용,KB스타미국S&P500인덱스(H)A,-0.52,4.15,8.01,23.24,2,파생상품,0.8,0.9
케이비자산운용,KB스타미국S&P500인덱스(H)Ae,-0.5,4.19,8.1,23.45,2,파생상품,0.4,0.725
케이비자산운용,KB스타미국S&P500인덱스(H)C,-0.58,3.96,7.6,22.34,2,파생상품,0,1.65
케이비자산운용,KB스타미국S&P500인덱스(H)C-W,-0.49,4.24,8.2,23.67,2,파생상품,0,0.55
케이비자산운용,KB스타미국S&P500인덱스(H)Ce,-0.52,4.12,7.95,23.12,2,파생상품,0,1
케이비자산운용,KB스타미국나스닥100인덱스A,3.53,6.96,7.96,25.09,2,파생상품,0.8,0.9
케이비자산운용,KB스타미국나스닥100인덱스Ae,3.55,7,8.05,25.3,2,파생상품,0.4,0.725
케이비자산운용,KB스타미국나스닥100인덱스C,3.48,6.79,7.61,24.31,2,파생상품,0,1.55
케이비자산운용,KB스타미국나스닥100인덱스CP,3.5,6.84,7.72,24.55,2,파생상품,0,1.35
케이비자산운용,KB스타미국나스닥100인덱스CPe,3.53,6.94,7.93,25.03,2,파생상품,0,0.95
케이비자산운용,KB스타미국나스닥100인덱스CW,3.56,7.05,8.14,25.52,2,파생상품,0,0.55
케이비자산운용,KB스타미국나스닥100인덱스Ce,3.53,6.93,7.9,24.97,2,파생상품,0,1
케이비자산운용,KB스타유로인덱스A,3.57,-2.3,-0.5,9.5,2,파생상품,0.8,0.9
케이비자산운용,KB스타유로인덱스A-E,3.59,-2.26,-0.42,9.69,2,파생상품,0.4,0.73
케이비자산운용,KB스타유로인덱스C,3.51,-2.49,-0.89,8.68,2,파생상품,0,1.66
케이비자산운용,KB스타유로인덱스C-E,3.57,-2.32,-0.55,9.39,2,파생상품,0,1
케이비자산운용,KB스타유로인덱스C-W,3.65,-2.08,-0.04,10.32,2,파생상품,0,0.56
케이비자산운용,KB연금유로인덱스C,3.53,-2.4,-0.7,9.12,2,파생상품,0,1.233
케이비자산운용,KB연금유로인덱스C-E,3.57,-2.29,-0.49,9.56,2,파생상품,0,0.833
케이비자산운용,KB연금이머징인덱스C,-0.85,-9.32,-1.47,3.01,2,파생상품,0,1.233
케이비자산운용,KB연금이머징인덱스C-E,-0.81,-9.23,-1.28,3.42,2,파생상품,0,0.833
케이비자산운용,KB온국민TDF2025(채권혼합-재간접)A,0.48,1.47,4.52,9.37,4,재간접투자,0.5,0.36
케이비자산운용,KB온국민TDF2025(채권혼합-재간접)Ae,0.49,1.5,4.57,9.47,4,재간접투자,0.25,0.27
케이비자산운용,KB온국민TDF2025(채권혼합-재간접)C,0.45,1.39,4.34,9,4,재간접투자,0,0.7
케이비자산운용,KB온국민TDF2025(채권혼합-재간접)C-P,0.46,1.41,4.4,9.12,4,재간접투자,0,0.59
케이비자산운용,KB온국민TDF2025(채권혼합-재간접)C-Pe,0.48,1.47,4.51,9.34,4,재간접투자,0,0.385
케이비자산운용,KB온국민TDF2025(채권혼합-재간접)C-W,0.5,1.52,4.62,9.59,4,재간접투자,0,0.18
케이비자산운용,KB온국민TDF2025(채권혼합-재간접)Ce,0.48,1.45,2.07,6.76,4,재간접투자,0,0.44
케이비자산운용,KB온국민TDF2030(주식혼합-재간접)A,0.87,2.15,5.02,12.37,3,재간접투자,0.7,0.36
케이비자산운용,KB온국민TDF2030(주식혼합-재간접)Ae,0.88,2.17,5.06,12.47,3,재간접투자,0.35,0.27
케이비자산운용,KB온국민TDF2030(주식혼합-재간접)C,0.84,2.06,4.84,11.99,3,재간접투자,0,0.7
케이비자산운용,KB온국민TDF2030(주식혼합-재간접)C-P,0.85,2.09,2.92,10,3,재간접투자,0,0.59
케이비자산운용,KB온국민TDF2030(주식혼합-재간접)C-Pe,0.87,2.14,5,12.34,3,재간접투자,0,0.385
케이비자산운용,KB온국민TDF2030(주식혼합-재간접)Ce,0.87,2.13,4.97,12.28,3,재간접투자,0,0.44
케이비자산운용,KB온국민TDF2035(주식혼합-재간접)A,0.97,2.35,5.06,12.97,3,재간접투자,0.7,0.36
케이비자산운용,KB온국민TDF2035(주식혼합-재간접)Ae,0.99,2.41,5.16,13.2,3,재간접투자,0.35,0.27
케이비자산운용,KB온국민TDF2035(주식혼합-재간접)C,0.94,2.27,4.88,12.58,3,재간접투자,0,0.92
케이비자산운용,KB온국민TDF2035(주식혼합-재간접)C-P,0.95,2.31,4.96,12.75,3,재간접투자,0,0.59
케이비자산운용,KB온국민TDF2035(주식혼합-재간접)C-Pe,0.98,2.38,5.11,13.09,3,재간접투자,0,0.385
케이비자산운용,KB온국민TDF2035(주식혼합-재간접)C-W,1.01,2.46,5.27,13.42,3,재간접투자,0,0.18
케이비자산운용,KB온국민TDF2035(주식혼합-재간접)Ce,0.97,2.36,5.07,13,3,재간접투자,0,0.44
케이비자산운용,KB온국민TDF2040(주식혼합-재간접)A,1.16,2.77,5.43,14.84,3,재간접투자,0.7,0.845
케이비자산운용,KB온국민TDF2040(주식혼합-재간접)Ae,1.19,2.85,5.6,15.19,3,재간접투자,0.35,0.535
케이비자산운용,KB온국민TDF2040(주식혼합-재간접)C,1.13,2.68,4.22,13.32,3,재간접투자,0,1.185
케이비자산운용,KB온국민TDF2040(주식혼합-재간접)C-P,1.15,2.74,5.36,14.67,3,재간접투자,0,0.985
케이비자산운용,KB온국민TDF2040(주식혼합-재간접)C-Pe,1.18,2.83,5.56,15.11,3,재간접투자,0,0.605
케이비자산운용,KB온국민TDF2040(주식혼합-재간접)C-W,1.22,2.93,5.76,15.55,3,재간접투자,0,0.225
케이비자산운용,KB온국민TDF2040(주식혼합-재간접)Ce,1.18,2.81,5.51,15,3,재간접투자,0,0.705
케이비자산운용,KB온국민TDF2045(주식혼합-재간접)A,1.33,3.14,4.54,14.81,3,재간접투자,0.7,0.89
케이비자산운용,KB온국민TDF2045(주식혼합-재간접)Ae,1.35,3.23,5.95,16.53,3,재간접투자,0.35,0.58
케이비자산운용,KB온국민TDF2045(주식혼합-재간접)C,1.3,3.06,4.69,14.78,3,재간접투자,0,1.23
케이비자산운용,KB온국민TDF2045(주식혼합-재간접)C-P,1.31,3.11,5.71,16.01,3,재간접투자,0,1.03
케이비자산운용,KB온국민TDF2045(주식혼합-재간접)C-Pe,1.35,3.21,5.91,16.45,3,재간접투자,0,0.65
케이비자산운용,KB온국민TDF2045(주식혼합-재간접)C-W,1.38,3.31,6.12,16.9,3,재간접투자,0,0.27
케이비자산운용,KB온국민TDF2045(주식혼합-재간접)Ce,1.34,3.18,5.86,16.33,3,재간접투자,0,0.75
케이씨지아이자산운용,KCGI샐러리맨증권자(주식-재간접)A,4.02,12.85,5.11,20.04,3,재간접투자,0.5,0.81
케이씨지아이자산운용,KCGI샐러리맨증권자(주식-재간접)Ae,4.03,12.89,5.2,21.63,3,재간접투자,0.22,0.64
케이씨지아이자산운용,KCGI샐러리맨증권자(주식-재간접)C,4,12.79,5,20.66,3,재간접투자,0,1.01
케이씨지아이자산운용,KCGI샐러리맨증권자(주식-재간접)C-P,4.01,12.83,5.07,20.58,3,재간접투자,0,0.89
케이씨지아이자산운용,KCGI샐러리맨증권자(주식-재간접)C-Pe,4.02,12.85,5.12,21.45,3,재간접투자,0,0.79
케이씨지아이자산운용,KCGI샐러리맨증권자(주식-재간접)Ce,4.03,12.87,5.16,21.55,3,재간접투자,0,0.71
케이씨지아이자산운용,KCGI코리아(주식)A,0.11,-2.06,-5.52,11.1,2,주식형,0.7,1.143
케이씨지아이자산운용,KCGI코리아(주식)C-W,0.15,-1.95,-7.38,9.14,2,주식형,0,0.693
케이씨지아이자산운용,KCGI코리아(주식)C1,0.05,-2.25,-5.89,10.28,2,주식형,0,1.893
케이씨지아이자산운용,KCGI코리아(주식)Ce,0.11,-2.08,-5.54,11.04,2,주식형,0,1.193
키움투자자산운용,키움글로벌차세대IT&네트워크(H)[주식]A,6.78,13.78,11.13,32.86,2,주식형,1,1.65
키움투자자산운용,키움글로벌차세대IT&네트워크(H)[주식]Ae,6.81,13.87,11.33,33.32,2,주식형,0.5,1.3
키움투자자산운용,키움글로벌차세대IT&네트워크(H)[주식]C,6.76,13.7,10.96,32.46,2,주식형,0,1.95
키움투자자산운용,키움글로벌차세대IT&네트워크(H)[주식]C-P,6.79,13.79,11.17,32.95,2,주식형,0,1.58
키움투자자산운용,키움글로벌차세대IT&네트워크(H)[주식]C-Pe,6.82,13.88,11.36,33.37,2,주식형,0,1.26
키움투자자산운용,키움글로벌차세대IT&네트워크(H)[주식]C-W,6.85,13.96,11.53,33.79,2,주식형,0,0.95
키움투자자산운용,키움글로벌차세대IT&네트워크(H)[주식]Ce,6.8,13.83,11.25,33.12,2,주식형,0,1.45
피델리티자산운용,피델리티글로벌테크놀로지(주식-재간접)A-e,1.72,3.56,6.05,18.92,2,재간접투자,0.5,0.512
피델리티자산운용,피델리티글로벌테크놀로지(주식-재간접)C-e,1.7,3.52,5.97,18.74,2,재간접투자,0,0.662
피델리티자산운용,피델리티글로벌테크놀로지(주식-재간접)C1,1.64,3.34,5.6,17.92,2,재간접투자,0,1.362
피델리티자산운용,피델리티글로벌테크놀로지(주식-재간접)PRS,1.69,3.49,5.92,18.62,2,재간접투자,0,0.762
피델리티자산운용,피델리티글로벌테크놀로지(주식-재간접)W,1.74,3.64,6.24,18.56,2,재간접투자,0,0.162
피델리티자산운용,피델리티글로벌테크놀로지(주식-재간접PRSe,1.72,3.57,6.08,18.98,2,재간접투자,0,0.462
피델리티자산운용,피델리티글로벌테크놀로지(주식-재간접형)A,1.69,3.47,5.86,18.51,2,재간접투자,1,0.862
하나자산운용,하나IT코리아청년형(주식)C,-3.53,-14.31,-31.14,-24.76,2,주식형,0,1.802
하나자산운용,하나IT코리아청년형(주식)C-E,-3.49,-14.19,-30.95,-24.36,2,주식형,0,1.302
하나자산운용,하나글로벌리츠A,-6.3,-6.89,4.15,0.06,2,재간접투자,1,1.88
하나자산운용,하나글로벌리츠A-E,-6.26,-6.78,4.38,0.51,2,재간접투자,0.5,1.43
하나자산운용,하나글로벌리츠C-E,-6.29,-6.85,4.22,0.21,2,재간접투자,0,1.73
하나자산운용,하나글로벌리츠C-P,-6.28,-6.83,4.28,0.32,2,재간접투자,0,1.62
하나자산운용,하나글로벌리츠C-PE,-6.25,-6.75,4.44,0.64,2,재간접투자,0,1.3
하나자산운용,하나글로벌리츠C-W,-6.23,-6.67,4.61,0.97,2,재간접투자,0,0.98
하나자산운용,하나글로벌리츠C1,-6.35,-7.03,25.71,20.51,2,재간접투자,0,2.48
하나자산운용,하나글로벌인프라A(주식),-4.59,0.57,11.66,12.19,2,주식형,1,1.87
하나자산운용,하나글로벌인프라A-e(주식),-4.55,0.68,11.9,12.69,2,주식형,0.5,1.42
하나자산운용,하나글로벌인프라C-P(주식),-4.57,0.63,11.8,12.48,2,주식형,0,1.61
하나자산운용,하나글로벌인프라C-Pe(주식),-4.54,0.71,11.98,12.83,2,주식형,0,1.29
하나자산운용,하나글로벌인프라C-e(주식),-4.56,0.67,11.88,12.63,2,주식형,0,1.47
하나자산운용,하나글로벌인프라C1(주식),-4.64,0.42,11.33,11.54,2,주식형,0,2.47
하나자산운용,하나글로벌인프라W(주식),-4.51,0.79,12.15,13.19,2,주식형,0,0.97
한국투자밸류자산운용,한국밸류 10년투자배당A,1.09,-2.63,-9.41,5.34,3,주식형,1,1.288
한국투자밸류자산운용,한국밸류 10년투자배당C,1.04,-2.77,-9.68,4.73,3,주식형,0,1.888
한국투자밸류자산운용,한국밸류 10년투자배당C-P,1.07,-2.69,-9.53,5.08,3,주식형,0,1.538
한국투자밸류자산운용,한국밸류 10년투자배당C-Pe,1.11,-2.57,-9.31,5.57,3,주식형,0,1.058
한국투자밸류자산운용,한국밸류 10년투자배당C-W,1.15,-2.46,-9.09,6.07,3,주식형,0,0.588
한국투자밸류자산운용,한국밸류 10년투자배당Ce,1.11,-2.58,-9.32,5.54,3,주식형,0,1.088
한국투자밸류자산운용,한국밸류10년투자1호(주식)A,1.42,-3.14,0,0,2,주식형,1,1.504
한국투자밸류자산운용,한국밸류10년투자1호(주식)A-E,1.44,-3.05,-10.66,6.89,2,주식형,0.5,1.154
한국투자밸류자산운용,한국밸류10년투자1호(주식)C,1.39,-3.21,-10.96,6.21,2,주식형,0,1.804
한국투자밸류자산운용,한국밸류10년투자1호(주식)C-E,1.43,-3.09,-10.73,6.73,2,주식형,0,1.304
한국투자밸류자산운용,한국밸류10년투자1호(주식)C-W,1.47,-2.97,0,0,2,주식형,0,0.804
한국투자밸류자산운용,한국밸류10년투자1호(채권혼합)A,0.18,-0.29,-1.03,3.92,5,채권혼합형,0.5,0.924
한국투자밸류자산운용,한국밸류10년투자1호(채권혼합)A-E,0.2,-0.23,-0.91,4.18,5,채권혼합형,0.25,0.674
한국투자밸류자산운용,한국밸류10년투자1호(채권혼합)C,0.15,-0.39,-1.23,3.51,5,채권혼합형,0,1.324
한국투자밸류자산운용,한국밸류10년투자1호(채권혼합)C-E,0.18,-0.28,-1.01,3.98,5,채권혼합형,0,0.874
한국투자밸류자산운용,한국밸류10년투자1호(채권혼합)C-P,0.15,-0.37,-1.18,3.62,5,채권혼합형,0,1.224
한국투자밸류자산운용,한국밸류10년투자1호(채권혼합)C-Pe,0.19,-0.27,-0.98,4.03,5,채권혼합형,0,0.824
한국투자밸류자산운용,한국밸류10년투자1호(채권혼합)C-W,0.22,-0.17,0,0,5,채권혼합형,0,0.424
한국투자밸류자산운용,한국밸류10년투자어린이1호(주식)A,6.07,-2.6,-15.26,2.04,2,주식형,1,1.048
한국투자밸류자산운용,한국밸류10년투자어린이1호(주식)C,6.05,-2.65,-15.34,1.84,2,주식형,0,1.248
한국투자신탁운용,한국네비게이터증권형A(주식),-0.06,-7.67,-15.41,-4.62,2,주식형,1,1.6
한국투자신탁운용,한국네비게이터증권형A-G(주식),-0.04,-7.6,-15.28,-4.35,2,주식형,0.7,1.33
한국투자신탁운용,한국네비게이터증권형Ae(주식),-0.02,-7.56,-15.2,-4.18,2,주식형,0.5,1.15
한국투자신탁운용,한국네비게이터증권형C-E(주식),-0.07,-7.69,-15.44,-4.7,2,주식형,0,1.68
한국투자신탁운용,한국네비게이터증권형C-F(주식),-0.91,-8.32,-15.79,-4.66,2,주식형,0,0.73
한국투자신탁운용,한국네비게이터증권형C-W(주식),0.02,-7.45,-14.99,-3.74,2,주식형,0,0.7
한국투자신탁운용,한국네비게이터증권형C1(주식),-0.11,-7.81,-15.67,-5.18,2,주식형,0,2.2
한국투자신탁운용,한국삼성그룹적립식1호(주식)C-E,-3.63,-13.3,-17.21,-17.65,2,주식형,0,1.26
한국투자신탁운용,한국삼성그룹적립식1호(주식)C1,-3.72,-13.53,-17.65,-18.51,2,주식형,0,2.26
한국투자신탁운용,한국투자 신종개인용MMF 5호,0.27,0.82,1.7,3.51,6,MMF(개인),0,0.28
한국투자신탁운용,한국투자TDF알아서(채권혼합-재간접)A,-0.19,0.61,3.35,8.01,4,재간접투자,1,0.444
한국투자신탁운용,한국투자TDF알아서(채권혼합-재간접)Ae,-0.18,0.63,3.4,8.12,4,재간접투자,0.5,0.344
한국투자신탁운용,한국투자TDF알아서(채권혼합-재간접)C,-0.22,0.52,3.17,7.65,4,재간접투자,0,0.784
한국투자신탁운용,한국투자TDF알아서(채권혼합-재간접)C-P,-0.21,0.54,3.2,7.7,4,재간접투자,0,0.734
한국투자신탁운용,한국투자TDF알아서(채권혼합-재간접)C-Pe,-0.19,0.6,3.32,7.96,4,재간접투자,0,0.489
한국투자신탁운용,한국투자TDF알아서(채권혼합-재간접)C-W,-0.16,0.68,3.49,8.33,4,재간접투자,0,0.244
한국투자신탁운용,한국투자TDF알아서(채권혼합-재간접)Ce,-0.19,0.59,3.31,7.94,4,재간접투자,0,0.514
한국투자신탁운용,한국투자TDF알아서2020(채혼-재간접)A,-0.18,0.64,3.34,8.46,4,재간접투자,1,0.444
한국투자신탁운용,한국투자TDF알아서2020(채혼-재간접)Ae,-0.17,0.67,3.39,8.57,4,재간접투자,0.5,0.344
한국투자신탁운용,한국투자TDF알아서2020(채혼-재간접)C,-0.21,0.56,3.17,8.1,4,재간접투자,0,0.784
한국투자신탁운용,한국투자TDF알아서2020(채혼-재간접)C-P,-0.21,0.57,3.18,8.14,4,재간접투자,0,0.734
한국투자신탁운용,한국투자TDF알아서2020(채혼-재간접)C-Pe,-0.19,0.63,3.31,8.41,4,재간접투자,0,0.489
한국투자신탁운용,한국투자TDF알아서2020(채혼-재간접)C-W,-0.16,0.69,3.44,8.68,4,재간접투자,0,0.244
한국투자신탁운용,한국투자TDF알아서2020(채혼-재간접)Ce,-0.19,0.62,3.3,8.38,4,재간접투자,0,0.514
한국투자신탁운용,한국투자TDF알아서2025(주혼-재간접)A,-0.22,0.64,3.37,8.81,4,재간접투자,1,0.444
한국투자신탁운용,한국투자TDF알아서2025(주혼-재간접)Ae,-0.21,0.67,3.43,8.92,4,재간접투자,0.5,0.344
한국투자신탁운용,한국투자TDF알아서2025(주혼-재간접)C,-0.25,0.55,3.2,8.45,4,재간접투자,0,0.784
한국투자신탁운용,한국투자TDF알아서2025(주혼-재간접)C-P,-0.24,0.57,3.22,8.5,4,재간접투자,0,0.734
한국투자신탁운용,한국투자TDF알아서2025(주혼-재간접)C-Pe,-0.22,0.63,3.35,8.77,4,재간접투자,0,0.489
한국투자신탁운용,한국투자TDF알아서2025(주혼-재간접)C-W,-0.2,0.69,3.49,9.05,4,재간접투자,0,0.244
한국투자신탁운용,한국투자TDF알아서2025(주혼-재간접)Ce,-0.22,0.62,3.34,8.74,4,재간접투자,0,0.514
한국투자신탁운용,한국투자TDF알아서2030(주혼-재간접)A,-0.38,0.7,3.46,10.64,3,재간접투자,1,0.444
한국투자신탁운용,한국투자TDF알아서2030(주혼-재간접)Ae,-0.37,0.73,3.51,10.75,3,재간접투자,0.5,0.344
한국투자신탁운용,한국투자TDF알아서2030(주혼-재간접)C,-0.41,0.62,3.28,10.27,3,재간접투자,0,0.784
한국투자신탁운용,한국투자TDF알아서2030(주혼-재간접)C-P,-0.41,0.63,3.3,10.33,3,재간접투자,0,0.734
한국투자신탁운용,한국투자TDF알아서2030(주혼-재간접)C-Pe,-0.39,0.69,3.43,10.59,3,재간접투자,0,0.489
한국투자신탁운용,한국투자TDF알아서2030(주혼-재간접)C-W,-0.36,0.76,3.56,10.87,3,재간접투자,0,0.244
한국투자신탁운용,한국투자TDF알아서2030(주혼-재간접)Ce,-0.39,0.69,3.42,10.57,3,재간접투자,0,0.514
한국투자신탁운용,한국투자TDF알아서2035(주혼-재간접)A,-0.54,0.69,3.39,11.83,3,재간접투자,1,0.656
한국투자신탁운용,한국투자TDF알아서2035(주혼-재간접)Ae,-0.52,0.74,3.5,12.07,3,재간접투자,0.5,0.336
한국투자신탁운용,한국투자TDF알아서2035(주혼-재간접)C,-0.57,0.6,3.21,11.46,3,재간접투자,0,0.996
한국투자신탁운용,한국투자TDF알아서2035(주혼-재간접)C-P,-0.56,0.62,3.25,11.55,3,재간접투자,0,0.726
한국투자신탁운용,한국투자TDF알아서2035(주혼-재간접)C-Pe,-0.53,0.71,3.43,11.92,3,재간접투자,0,0.481
한국투자신탁운용,한국투자TDF알아서2035(주혼-재간접)C-W,-26.04,-25.07,-22.98,-16.51,3,재간접투자,0,0.236
한국투자신탁운용,한국투자TDF알아서2035(주혼-재간접)Ce,-0.54,0.7,3.41,11.88,3,재간접투자,0,0.506
한국투자신탁운용,한국투자TDF알아서2040(주혼-재간접)A,-0.68,0.66,3.29,12.6,3,재간접투자,1,0.918
한국투자신탁운용,한국투자TDF알아서2040(주혼-재간접)Ae,-0.66,0.74,3.46,12.96,3,재간접투자,0.5,0.598
한국투자신탁운용,한국투자TDF알아서2040(주혼-재간접)C,-0.71,0.57,3.12,12.22,3,재간접투자,0,1.258
한국투자신탁운용,한국투자TDF알아서2040(주혼-재간접)C-P,-0.71,0.58,3.15,12.29,3,재간접투자,0,1.198
한국투자신탁운용,한국투자TDF알아서2040(주혼-재간접)C-Pe,-0.67,0.7,3.38,12.8,3,재간접투자,0,0.738
한국투자신탁운용,한국투자TDF알아서2040(주혼-재간접)C-W,-0.63,0.82,3.63,13.32,3,재간접투자,0,0.278
한국투자신탁운용,한국투자TDF알아서2040(주혼-재간접)Ce,-0.67,0.69,3.37,12.77,3,재간접투자,0,0.768
한국투자신탁운용,한국투자TDF알아서2045(주혼-재간접)A,-0.78,0.71,3.37,13.49,3,재간접투자,1,0.961
한국투자신탁운용,한국투자TDF알아서2045(주혼-재간접)Ae,-0.75,0.79,3.53,13.85,3,재간접투자,0.5,0.641
한국투자신탁운용,한국투자TDF알아서2045(주혼-재간접)C,-0.81,0.62,3.19,13.1,3,재간접투자,0,1.301
한국투자신탁운용,한국투자TDF알아서2045(주혼-재간접)C-P,-0.8,0.64,3.22,13.17,3,재간접투자,0,1.241
한국투자신탁운용,한국투자TDF알아서2045(주혼-재간접)C-Pe,-0.76,0.76,3.46,13.69,3,재간접투자,0,0.781
한국투자신탁운용,한국투자TDF알아서2045(주혼-재간접)C-W,-0.72,0.88,3.72,14.23,3,재간접투자,0,0.321
한국투자신탁운용,한국투자TDF알아서2045(주혼-재간접)Ce,-0.77,0.75,3.45,13.65,3,재간접투자,0,0.811
한국투자신탁운용,한국투자e단기채ESG증권투자신탁(채권)A,0.28,1.04,2.18,4.65,5,채권형,0.1,0.205
한국투자신탁운용,한국투자e단기채ESG증권투자신탁(채권)A-e,0.29,1.06,2.21,4.71,5,채권형,0.05,0.15
한국투자신탁운용,한국투자e단기채ESG증권투자신탁(채권)A1,0.29,1.07,2.23,4.74,5,채권형,0.25,0.115
한국투자신탁운용,한국투자e단기채ESG증권투자신탁(채권)C,0.28,1.02,2.14,4.55,5,채권형,0,0.295
한국투자신탁운용,한국투자e단기채ESG증권투자신탁(채권)C-P,0.28,1.03,2.16,4.61,5,채권형,0,0.245
한국투자신탁운용,한국투자e단기채ESG증권투자신탁(채권)C-Pe,0.29,1.05,2.2,4.69,5,채권형,0,0.17
한국투자신탁운용,한국투자e단기채ESG증권투자신탁(채권)C-e,0.28,1.05,2.19,4.66,5,채권형,0,0.196
한국투자신탁운용,한국투자e단기채ESG증권투자신탁(채권)C-w,0.29,1.07,2.24,4.76,5,채권형,0,0.095
한국투자신탁운용,한국투자글로벌전기차&자율주행(주식)A,5.74,11.38,11.93,5.41,2,주식형,1,1.518
한국투자신탁운용,한국투자글로벌전기차&자율주행(주식)Ae,5.77,11.48,12.14,5.81,2,주식형,0.5,1.143
한국투자신탁운용,한국투자글로벌전기차&자율주행(주식)C,5.69,11.23,11.63,4.82,2,주식형,0,2.068
한국투자신탁운용,한국투자글로벌전기차&자율주행(주식)C2,5.71,11.29,11.74,5.03,2,주식형,0,1.868
한국투자신탁운용,한국투자글로벌전기차&자율주행(주식)C3,5.73,11.34,11.85,5.25,2,주식형,0,1.668
한국투자신탁운용,한국투자글로벌전기차&자율주행(주식)C4,5.75,11.39,11.96,5.46,2,주식형,0,1.468
한국투자신탁운용,한국투자글로벌전기차&자율주행(주식)Ce,5.76,11.45,12.07,5.68,2,주식형,0,1.268
한국투자신탁운용,한국투자글로벌전기차&자율주행(주식)Cp,5.73,11.33,11.84,5.22,2,주식형,0,1.688
한국투자신탁운용,한국투자글로벌전기차&자율주행(주식)Cpe,5.77,11.46,12.09,5.72,2,주식형,0,1.228
한국투자신탁운용,한국투자글로벌전기차&자율주행(주식)Cw,5.81,11.58,12.35,6.22,2,주식형,0,0.768
한국투자신탁운용,한국투자미국배당귀족(채권혼합)A,-2.2,-1.01,3.2,5.65,4,채권혼합형,0.8,0.44
한국투자신탁운용,한국투자미국배당귀족(채권혼합)A-e,-2.2,-0.99,3.22,5.7,4,채권혼합형,0.4,0.39
한국투자신탁운용,한국투자미국배당귀족(채권혼합)C,-2.24,-1.13,2.94,5.12,4,채권혼합형,0,0.94
한국투자신탁운용,한국투자미국배당귀족(채권혼합)C-P,-2.24,0,0,0,4,채권혼합형,0,0.84
한국투자신탁운용,한국투자미국배당귀족(채권혼합)C-Pe,-2.21,-1.04,3.12,5.49,4,채권혼합형,0,0.59
한국투자신탁운용,한국투자미국배당귀족(채권혼합)C-W,-2.19,-0.98,3.25,5.76,4,채권혼합형,0,0.34
한국투자신탁운용,한국투자미국배당귀족(채권혼합)C-e,-2.22,-1.06,3.09,5.44,4,채권혼합형,0,0.64
한국투자신탁운용,한국투자미국배당귀족H(주식)A,-6.48,-4.94,3.58,4.64,2,주식형,1,0.9
한국투자신탁운용,한국투자미국배당귀족H(주식)Ae,-6.46,-4.88,3.71,4.91,2,주식형,0.5,0.645
한국투자신탁운용,한국투자미국배당귀족H(주식)C,-6.55,-5.13,3.16,3.81,2,주식형,0,1.69
한국투자신탁운용,한국투자미국배당귀족H(주식)Ce,-6.48,-4.94,3.58,4.65,2,주식형,0,0.89
한국투자신탁운용,한국투자미국배당귀족H(주식)Cp,-6.52,-5.04,3.36,4.21,2,주식형,0,1.31
한국투자신탁운용,한국투자미국배당귀족H(주식)Cpe,-6.48,-4.93,3.6,4.69,2,주식형,0,0.85
한국투자신탁운용,한국투자미국배당귀족H(주식)Cw,-6.44,-4.82,3.84,5.17,2,주식형,0,0.39
한국투자신탁운용,한국투자미국배당귀족UH(주식)A,-1.67,5.83,10.84,21.62,3,주식형,1,0.9
한국투자신탁운용,한국투자미국배당귀족UH(주식)Ae,-1.65,5.9,10.98,21.92,3,주식형,0.5,0.645
한국투자신탁운용,한국투자미국배당귀족UH(주식)C,-1.74,5.63,10.41,20.68,3,주식형,0,1.69
한국투자신탁운용,한국투자미국배당귀족UH(주식)Ce,-1.67,5.83,10.84,21.63,3,주식형,0,0.89
한국투자신탁운용,한국투자미국배당귀족UH(주식)Cp,-1.71,5.72,10.61,19.8,3,주식형,0,1.31
한국투자신탁운용,한국투자미국배당귀족UH(주식)Cpe,-1.66,5.84,10.87,21.68,3,주식형,0,0.85
한국투자신탁운용,한국투자미국장기국채(USD)A,-5.54,-9.82,-4.78,0,4,재간접투자,0.7,0.65
한국투자신탁운용,한국투자미국장기국채(USD)A-e,-5.52,-9.78,-4.68,0,4,재간접투자,0.35,0.45
한국투자신탁운용,한국투자미국장기국채(USD)C,-5.55,-9.87,-4.87,0,4,재간접투자,0,0.85
한국투자신탁운용,한국투자미국장기국채(USD)C-e,-5.53,-9.8,-4.72,0,4,재간접투자,0,0.55
한국투자신탁운용,한국투자미국장기국채H(채권-재간접)A,-5.56,-9.99,-5.83,0,5,재간접투자,0.7,0.65
한국투자신탁운용,한국투자미국장기국채H(채권-재간접)A-e,-5.55,-9.94,-5.73,0,5,재간접투자,0.35,0.45
한국투자신탁운용,한국투자미국장기국채H(채권-재간접)C,-5.58,-10.04,-5.93,0,5,재간접투자,0,0.85
한국투자신탁운용,한국투자미국장기국채H(채권-재간접)C-P,-5.57,-10,-5.86,0,5,재간접투자,0,0.71
한국투자신탁운용,한국투자미국장기국채H(채권-재간접)C-Pe,-5.55,-9.95,-5.75,0,5,재간접투자,0,0.48
한국투자신탁운용,한국투자미국장기국채H(채권-재간접)C-W,-5.53,-9.89,-5.64,0,5,재간접투자,0,0.25
한국투자신탁운용,한국투자미국장기국채H(채권-재간접)C-e,-5.56,-9.97,-5.78,0,5,재간접투자,0,0.55
한국투자신탁운용,한국투자미국장기국채UH(채권-재간접)A,-0.33,0.6,1.09,0,5,재간접투자,0.7,0.65
한국투자신탁운용,한국투자미국장기국채UH(채권-재간접)A-e,-0.32,0.65,1.19,0,5,재간접투자,0.35,0.45
한국투자신탁운용,한국투자미국장기국채UH(채권-재간접)C,-0.35,0.55,0.32,0,5,재간접투자,0,0.85
한국투자신탁운용,한국투자미국장기국채UH(채권-재간접)C-P,0,0,0,0,5,재간접투자,0,0.71
한국투자신탁운용,한국투자미국장기국채UH(채권-재간접)C-Pe,-0.32,0.64,1.18,0,5,재간접투자,0,0.48
한국투자신탁운용,한국투자미국장기국채UH(채권-재간접)C-W,-2.25,-2.25,-2.25,0,5,재간접투자,0,0.25
한국투자신탁운용,한국투자미국장기국채UH(채권-재간접)C-e,-0.32,0.62,1.14,0,5,재간접투자,0,0.55
한국투자신탁운용,한국투자법인용달러MMF(USD)C,0.37,1.12,2.42,5.03,6,MMF(법인),0,0.3
한국투자신탁운용,한국투자법인용달러MMF(USD)C-I,0.39,1.17,-0.17,1.56,6,MMF(법인),0,0.12
한국투자신탁운용,한국투자법인용달러MMF(USD)C-e,0.38,1.15,2.48,5.14,6,MMF(법인),0,0.19
한국투자신탁운용,한국투자베트남그로스UH증권자A,8.86,8.02,9.05,29.3,2,주식형,1,1.828
한국투자신탁운용,한국투자베트남그로스UH증권자Ae,8.9,8.14,9.3,29.88,2,주식형,0.5,1.378
한국투자신탁운용,한국투자베트남그로스UH증권자C,8.81,7.86,8.71,28.53,2,주식형,0,2.428
한국투자신탁운용,한국투자베트남그로스UH증권자Ce,8.9,8.13,9.27,29.81,2,주식형,0,1.428
한국투자신탁운용,한국투자베트남그로스증권자A,4.07,-2.12,2.57,13.95,2,주식형,1,1.828
한국투자신탁운용,한국투자베트남그로스증권자Ae,4.11,-2.01,2.81,14.47,2,주식형,0.5,1.378
한국투자신탁운용,한국투자베트남그로스증권자C,4.01,-2.28,2.25,13.27,2,주식형,0,2.428
한국투자신탁운용,한국투자베트남그로스증권자C-W,4.15,-1.89,3.05,14.99,2,주식형,0,0.928
한국투자신탁운용,한국투자베트남그로스증권자Ce,4.1,-2.02,2.78,14.41,2,주식형,0,1.428
한국투자신탁운용,한국투자중소밸류증권형A(주식),1.67,-0.37,1.9,7.05,2,주식형,0.5,1.3
한국투자신탁운용,한국투자중소밸류증권형Ae(주식),1.72,-0.21,2.22,7.73,2,주식형,0.5,0.68
한국투자신탁운용,한국투자중소밸류증권형C(주식),1.65,-0.44,1.77,6.76,2,주식형,0,1.57
한국투자신탁운용,한국투자중소밸류증권형C-G(주식),1.67,-0.36,1.92,7.09,2,주식형,0,1.27
한국투자신탁운용,한국투자중소밸류증권형C-P(주식),1.65,-0.42,1.79,6.82,2,주식형,0,1.52
한국투자신탁운용,한국투자중소밸류증권형C-Pe(주식),1.69,-0.31,2.04,7.33,2,주식형,0,1.045
한국투자신탁운용,한국투자중소밸류증권형Ce(주식),1.69,-0.29,2.06,7.38,2,주식형,0,1
한국투자신탁운용,한국투자코스닥두배로(주식-재간접파생)A-e,-8.36,-27.85,-36.89,-41.1,1,파생상품,0.5,0.548
한국투자신탁운용,한국투자코스닥두배로(주식-재간접파생)C-e,-8.38,-27.91,-36.99,-41.27,1,파생상품,0,0.818
한국투자신탁운용,한국투자크레딧포커스ESG1호(채권)A,0.34,1.32,2.92,6.12,5,채권형,0.02,0.391
한국투자신탁운용,한국투자크레딧포커스ESG1호(채권)A-e,0.35,1.34,2.98,6.23,5,채권형,0.01,0.286
한국투자신탁운용,한국투자크레딧포커스ESG1호(채권)C,0.34,1.31,2.91,6.1,5,채권형,0,0.411
한국투자신탁운용,한국투자크레딧포커스ESG1호(채권)C-P,0.34,1.31,2.91,6.1,5,채권형,0,0.406
한국투자신탁운용,한국투자크레딧포커스ESG1호(채권)C-Pe,0.35,1.34,2.97,6.22,5,채권형,0,0.294
한국투자신탁운용,한국투자크레딧포커스ESG1호(채권)C-W,0.35,1.37,3.03,6.34,5,채권형,0,0.181
한국투자신탁운용,한국투자크레딧포커스ESG1호(채권)C-e,0.34,1.33,2.95,6.18,5,채권형,0,0.331
한국투자신탁운용,한국투자한국4차산업증권자1호(주식)A,-2.72,-6.58,-13.51,-9.97,2,주식형,1,0.98
한국투자신탁운용,한국투자한국4차산업증권자1호(주식)A-e,-2.7,-6.52,-13.4,-9.74,2,주식형,0.5,0.73
한국투자신탁운용,한국투자한국4차산업증권자1호(주식)C,-2.77,-6.7,-13.74,-10.42,2,주식형,0,1.48
한국투자신탁운용,한국투자한국4차산업증권자1호(주식)C-P,-2.76,-6.69,-13.72,-10.37,2,주식형,0,1.43
한국투자신탁운용,한국투자한국4차산업증권자1호(주식)C-Pe,-2.72,-6.58,-13.5,-9.95,2,주식형,0,0.955
한국투자신탁운용,한국투자한국4차산업증권자1호(주식)C-W,-2.68,-6.46,-13.29,-9.51,2,주식형,0,0.48
한국투자신탁운용,한국투자한국4차산업증권자1호(주식)C-e,-2.72,-6.58,-13.51,-9.97,2,주식형,0,0.98
한화자산운용,한화글로벌헬스케어(주식)A,-4.57,-9.45,-6.76,-2.09,3,주식형,1,1.6
한화자산운용,한화글로벌헬스케어(주식)A-e,-4.54,-9.36,-6.59,-1.73,3,주식형,0.5,1.241
한화자산운용,한화글로벌헬스케어(주식)B-e,-4.56,-9.4,-6.67,-1.89,3,주식형,0,1.401
한화자산운용,한화글로벌헬스케어(주식)B1,-4.65,-9.64,-7.14,-2.88,3,주식형,0,2.401
한화자산운용,한화글로벌헬스케어(주식)W,-4.51,-9.28,-6.43,-1.4,3,주식형,0,0.901
한화자산운용,한화내일받는단기국공채A(채권),0.27,0.86,1.81,3.78,6,채권형,0.2,0.107
한화자산운용,한화내일받는단기국공채Ae(채권),0.27,0.86,1.82,3.78,6,채권형,0.1,0.102
한화자산운용,한화내일받는단기국공채C(채권),0.26,0.82,1.74,3.63,6,채권형,0,0.247
한화자산운용,한화내일받는단기국공채C-G(채권),0.26,0.84,1.78,3.71,6,채권형,0,0.177
한화자산운용,한화내일받는단기국공채C-P(채권),0.26,0.83,1.76,3.67,6,채권형,0,0.207
한화자산운용,한화내일받는단기국공채C-Pe(채권),0.26,0.85,1.79,3.73,6,채권형,0,0.152
한화자산운용,한화내일받는단기국공채C-W(채권),0.27,0.86,1.82,3.79,6,채권형,0,0.097
한화자산운용,한화내일받는단기국공채Ce(채권),0.26,0.84,1.78,3.71,6,채권형,0,0.172
한화자산운용,한화내일받는단기국공채I(채권),0.27,0.85,1.8,1.35,6,채권형,0,0.127
한화자산운용,한화연금저축글로벌헬스케어C,-4.57,-9.46,-6.78,-2.1,3,주식형,0,1.612
한화자산운용,한화연금저축글로벌헬스케어C-e,-4.53,-9.35,-6.56,-1.66,3,주식형,0,1.162
한화자산운용,한화중국본토증권H(주식)A,3.34,11.11,13.59,23.29,2,주식형,1.2,1.78
한화자산운용,한화중국본토증권H(주식)Ae,3.39,11.24,13.87,23.9,2,주식형,0.5,1.28
한화자산운용,한화중국본토증권H(주식)C-P,3.39,11.27,13.93,24.02,2,주식형,0,1.18
한화자산운용,한화중국본토증권H(주식)C-Pe,3.41,11.32,14.03,24.24,2,주식형,0,1
한화자산운용,한화중국본토증권H(주식)C-W,3.43,11.37,14.15,24.51,2,주식형,0,0.78
한화자산운용,한화중국본토증권H(주식)C1,3.3,10.98,13.32,22.72,2,주식형,0,2.28
한화자산운용,한화중국본토증권H(주식)Ce,3.33,11.09,13.54,23.17,2,주식형,0,1.88
한화자산운용,한화코리아밸류채권(채권))C-Pe,0.25,1.14,2.52,5.28,5,채권형,0,0.267
한화자산운용,한화코리아밸류채권(채권)A,0.24,1.14,2.51,5.26,5,채권형,0.3,0.282
한화자산운용,한화코리아밸류채권(채권)A-e,0.25,1.15,2.54,5.31,5,채권형,0.15,0.232
한화자산운용,한화코리아밸류채권(채권)C,0.23,1.1,2.44,5.12,5,채권형,0,0.412
한화자산운용,한화코리아밸류채권(채권)C-P,0.24,-4.16,-2.87,-0.3,5,채권형,0,0.352
한화자산운용,한화코리아밸류채권(채권)C-e,0.24,1.12,2.47,5.18,5,채권형,0,0.362
한화자산운용,한화코리아밸류채권(채권)Cw,0.26,1.18,2.6,5.4,5,채권형,0,0.102
현대인베스트먼트자산운용,현대인베스트코스닥벤처(주식혼합)A,2.53,-9.61,-15.64,-6.03,1,주식혼합형,1,1.345
현대인베스트먼트자산운용,현대인베스트코스닥벤처(주식혼합)A-e,2.55,-9.54,-15.51,-5.75,1,주식혼합형,0.5,1.045
현대인베스트먼트자산운용,현대인베스트코스닥벤처(주식혼합)C,2.49,-9.7,-15.82,-6.39,1,주식혼합형,0,1.745
현대인베스트먼트자산운용,현대인베스트코스닥벤처(주식혼합)C-e,2.54,-9.59,-15.6,-5.93,1,주식혼합형,0,1.245
현대자산운용,현대뉴현대밸류플러스1호(주식)A,0.37,-4.95,-10.74,7.91,2,주식형,1,1.5
현대자산운용,현대뉴현대밸류플러스1호(주식)C,0.31,-5.12,-11.08,7.14,2,주식형,0,2.22
현대자산운용,현대뉴현대밸류플러스1호(주식)Ce,0.35,-5,-10.84,7.67,2,주식형,0,1.72
